PROJECT_ID,RISK_ID,DATE_ARCHIVED,COST_MEAN,COST_P80,COST_PROBOPP,COST_PROBLOW,COST_PROBMOD,COST_PROBHIGH,COST_RISKRANKING,SCHEDULE_MEAN,SCHEDULE_P80,SCHEDULE_PROBOPP,SCHEDULE_PROBLOW,SCHEDULE_PROBMOD,SCHEDULE_PROBHIGH,SCHEDULE_RISKRANKING,OUTCOME_MEAN,OUTCOME_P80,OUTCOME_PROBOPP,OUTCOME_PROBLOW,OUTCOME_PROBMOD,OUTCOME_PROBHIGH,OUTCOME_RISKRANKING
4072,49,12-JUL-24 02.30.22.075920000 AM,1387035,3322556,0,0.608,0.0964,0.0012000000000000342,2,24,52,0,0.7268,0.023200000000000002,NA,2,4.49962015684799,5.38349105,NA,0.0478,0.8796,0.0726,3
4072,68,12-JUL-24 02.30.24.112400000 AM,630670,1001232,NA,1,NA,NA,2,36,57,NA,1,NA,NA,2,1.500850142144,2.37817635,NA,0.9618000000000001,0.038200000000000005,1.3877787807814449e-17,2
4072,73,12-JUL-24 02.30.24.490099000 AM,NA,NA,1,NA,NA,NA,1,NA,NA,1,NA,NA,NA,1,3.000321501424,3.66733271,NA,0.5348,0.4652,-5.551115123125783e-17,3
4073,1,12-JUL-24 02.32.29.000089000 AM,NA,NA,NA,NA,NA,NA,NA,NA,NA,NA,NA,NA,NA,NA,0.4374603680200002,0.7217353875000001,NA,1,NA,NA,2
4073,2,12-JUL-24 02.32.29.063122000 AM,NA,NA,NA,NA,NA,NA,NA,NA,NA,NA,NA,NA,NA,NA,0.4369370541599987,0.7171150875000001,NA,1,NA,NA,2
4073,3,12-JUL-24 02.32.29.124306000 AM,NA,NA,NA,NA,NA,NA,NA,NA,NA,NA,NA,NA,NA,NA,0.4378434038300001,0.7225431375000001,NA,1,NA,NA,2
4073,4,12-JUL-24 02.32.29.186574000 AM,NA,NA,NA,NA,NA,NA,NA,NA,NA,NA,NA,NA,NA,NA,0.4358223727300003,0.7177728375000001,NA,1,NA,NA,2
4073,5,12-JUL-24 02.32.29.257982000 AM,NA,NA,NA,NA,NA,NA,NA,NA,NA,NA,NA,NA,NA,NA,0.9995048005440005,1.5569710099999998,NA,1,NA,NA,2
4073,6,12-JUL-24 02.32.29.334382000 AM,NA,NA,NA,NA,NA,NA,NA,NA,NA,NA,NA,NA,NA,NA,0.9992139459599999,1.5659802299999999,NA,1,NA,NA,2
4073,7,12-JUL-24 02.32.29.398929000 AM,NA,NA,NA,NA,NA,NA,NA,NA,NA,NA,NA,NA,NA,NA,0.999445437928004,1.57042275,NA,1,NA,NA,2
4073,8,12-JUL-24 02.32.29.465003000 AM,NA,NA,NA,NA,NA,NA,NA,NA,NA,NA,NA,NA,NA,NA,1.002049035424,1.5605109299999997,NA,1,NA,NA,2
4073,9,12-JUL-24 02.32.29.530183000 AM,NA,NA,NA,NA,NA,NA,NA,NA,NA,NA,NA,NA,NA,NA,1.00027654832,1.57909945,NA,1,NA,NA,2
4073,10,12-JUL-24 02.32.29.599497000 AM,NA,NA,NA,NA,NA,NA,NA,NA,NA,NA,NA,NA,NA,NA,0.9998369351360029,1.56098663,NA,1,NA,NA,2
4073,11,12-JUL-24 02.32.29.665781000 AM,NA,NA,NA,NA,NA,NA,NA,NA,NA,NA,NA,NA,NA,NA,1.001727364592,1.5692242699999999,NA,1,NA,NA,2
4073,12,12-JUL-24 02.32.29.735874000 AM,NA,NA,NA,NA,NA,NA,NA,NA,NA,NA,NA,NA,NA,NA,0.4370284872500009,0.7254799875000001,NA,1,NA,NA,2
4073,13,12-JUL-24 02.32.29.825277000 AM,NA,NA,NA,NA,NA,NA,NA,NA,NA,NA,NA,NA,NA,NA,0.4365427469199994,0.7175257375000003,NA,1,NA,NA,2
4074,1,12-JUL-24 02.32.24.864601000 AM,384000,422413,NA,1,NA,NA,2,36,57,NA,1,NA,NA,2,-4.49978509820799,-3.56898843,1,NA,NA,NA,1
4074,14,12-JUL-24 02.32.25.690617000 AM,NA,NA,1,NA,NA,NA,1,NA,NA,1,NA,NA,NA,1,0.062270170762,0.1085048125,NA,1,NA,NA,2
4074,15,12-JUL-24 02.32.25.776754000 AM,95000,98001,NA,NA,NA,1,4,257,265,NA,NA,NA,1,4,-2.37442640748,-0.949492395,1,NA,NA,NA,1
4074,17,12-JUL-24 02.32.25.926410000 AM,50670,65693,NA,NA,NA,1,4,27,37,NA,NA,NA,1,4,7.125621674652,8.543407915000001,NA,NA,0.2672,0.7328,4
4092,1,12-JUL-24 02.32.54.675628000 AM,2000000,2300100,NA,NA,NA,1,4,220,253,NA,NA,NA,1,4,-0.9999567537999986,-0.39770688999999976,1,NA,NA,NA,1
4131,7,12-JUL-24 02.30.12.727271000 AM,142509,227601,NA,NA,NA,1,4,57,91,NA,0.34340000000000004,0.3452,0.3114,3,7.12503797195601,8.543019335,NA,NA,0.26480000000000004,0.7352000000000001,4
4131,10,12-JUL-24 02.30.13.068994000 AM,31500,45005,NA,NA,NA,1,4,11,15,NA,1,NA,NA,2,0.4387317301100001,0.7375939875000002,NA,1,NA,NA,2
4131,13,12-JUL-24 02.30.13.396148000 AM,17500,25003,NA,NA,NA,1,4,64,91,NA,NA,NA,1,4,1.31240566215,1.8645631875,NA,1,NA,NA,2
4133,3,12-JUL-24 02.31.32.220794000 AM,NA,NA,NA,NA,NA,NA,NA,NA,NA,NA,NA,NA,NA,NA,NA,NA,NA,NA,NA,NA,NA
4133,8,12-JUL-24 02.31.32.569305000 AM,331,574,NA,1,NA,NA,2,1,2,NA,1,NA,NA,2,NA,NA,NA,NA,NA,NA,NA
4133,16,12-JUL-24 02.31.33.122764000 AM,47500000,49000500,NA,NA,NA,1,4,347,358,NA,NA,NA,1,4,2.3747267980160003,3.7979636849999996,NA,0.633,0.367,NA,2
4133,17,12-JUL-24 02.31.33.196614000 AM,8000000,8600200,NA,NA,NA,1,4,292,314,NA,NA,NA,1,4,-2.0005031333280097,-0.7889701499999998,1,NA,NA,NA,1
4134,9,12-JUL-24 02.30.14.632726000 AM,3000000,3300100,NA,NA,NA,1,4,329,362,NA,NA,NA,1,4,4.498771015976,5.392445909999999,NA,0.044000000000000004,0.8834000000000001,0.0726,3
4134,11,12-JUL-24 02.30.14.779792000 AM,9500,9800,NA,NA,NA,1,4,NA,NA,NA,NA,NA,NA,NA,2.37484018139999,3.800308365,NA,0.6292,0.3708,NA,2
4134,12,12-JUL-24 02.30.14.857641000 AM,NA,NA,NA,NA,NA,NA,NA,171,176,NA,NA,NA,1,4,7.124501623843999,8.543597055,NA,NA,0.26580000000000004,0.7342000000000001,4
4134,13,12-JUL-24 02.30.14.940662000 AM,800000,860020,NA,NA,NA,1,4,144,155,NA,NA,NA,1,4,1.998282527072,3.17997525,NA,0.7566,0.2434,-5.551115123125783e-17,2
4134,14,12-JUL-24 02.30.15.027998000 AM,1900000,1960020,NA,NA,NA,1,4,347,554,NA,2e-4,NA,0.9998,4,7.12556973683199,8.532127124999999,NA,NA,0.2626,0.73740000000000006,4
4134,16,12-JUL-24 02.30.15.106833000 AM,7500,12002,NA,NA,NA,1,4,NA,NA,NA,NA,NA,NA,NA,0.0625849400000002,0.1090651025,NA,1,NA,NA,2
4134,21,12-JUL-24 02.30.15.482326000 AM,120000,132004,NA,NA,NA,1,4,18,20,NA,NA,NA,1,4,1.498848135064,2.37851699,NA,0.9644,0.0356,-3.4694469519536136e-17,2
4135,3,12-JUL-24 02.32.28.596453000 AM,47500,49001,NA,NA,NA,1,4,114,118,NA,NA,NA,1,4,7.124533147819979,8.550714375,NA,NA,0.26580000000000004,0.7342000000000001,4
4151,1,12-JUL-24 02.31.53.895111000 AM,0,0,NA,1,NA,NA,2,0,0,NA,1,NA,NA,2,1.0013697656,1.57675867,NA,1,NA,NA,2
4151,2,12-JUL-24 02.31.53.978628000 AM,1,1,NA,1,NA,NA,2,1,1,NA,1,NA,NA,2,1.4992705430159998,2.37013795,NA,0.9584,0.041600000000000005,-2.7755575615628907e-17,2
4151,3,12-JUL-24 02.31.54.063628000 AM,0,0,NA,1,NA,NA,2,0,0,NA,1,NA,NA,2,0.06250688894399979,0.1096795575,NA,1,NA,NA,2
4151,4,12-JUL-24 02.31.54.141337000 AM,1,1,NA,1,NA,NA,2,1,1,NA,1,NA,NA,2,1.5000471050559998,2.37791279,NA,0.9666,0.0334,-1.3877787807814449e-17,2
4151,5,12-JUL-24 02.31.54.219366000 AM,1,1,NA,1,NA,NA,2,1,1,NA,1,NA,NA,2,1.9989255759199998,3.17779189,NA,0.751,0.249,NA,2
4151,6,12-JUL-24 02.31.54.294673000 AM,0,0,NA,NA,NA,1,4,0,0,NA,1,NA,NA,2,0.9992766433280008,1.5675408899999999,NA,1,NA,NA,2
4151,7,12-JUL-24 02.31.54.372435000 AM,1,1,NA,1,NA,NA,2,1,1,NA,1,NA,NA,2,4.501203493872,5.40642573,NA,0.0478,0.8726,0.0796,3
4151,8,12-JUL-24 02.31.54.470026000 AM,1,1,NA,1,NA,NA,2,1,1,NA,1,NA,NA,2,4.49928579649598,5.39210329,NA,0.046200000000000005,0.8824000000000001,0.0714,3
4151,9,12-JUL-24 02.31.54.555377000 AM,0,0,NA,0.6,0.4,NA,2,NA,NA,1,NA,NA,NA,1,0.0627615091499999,0.1090556775,NA,1,NA,NA,2
4151,10,12-JUL-24 02.31.54.647551000 AM,1,1,NA,1,NA,NA,2,NA,NA,1,NA,NA,NA,1,1.5013916215999998,2.38256451,NA,0.9598000000000001,0.0402,1.3877787807814449e-17,2
4151,11,12-JUL-24 02.31.54.738231000 AM,0,0,NA,1,NA,NA,2,0,0,NA,1,NA,NA,2,0.06273509429,0.1108859325,NA,1,NA,NA,2
4151,12,12-JUL-24 02.31.54.822382000 AM,1,1,NA,1,NA,NA,2,1,1,NA,1,NA,NA,2,7.124638230988,8.542589245,NA,NA,0.26280000000000003,0.7372000000000001,4
4151,13,12-JUL-24 02.31.54.911533000 AM,1,1,NA,NA,NA,1,4,1,1,NA,1,NA,NA,2,6.000113744488,7.17259393,NA,NA,0.5104000000000001,0.48960000000000004,4
4151,14,12-JUL-24 02.31.54.990065000 AM,0,0,NA,1,NA,NA,2,0,0,NA,1,NA,NA,2,0.062255773710000004,0.1079452075,NA,1,NA,NA,2
4151,15,12-JUL-24 02.31.55.431599000 AM,0,0,NA,1,NA,NA,2,0,0,NA,1,NA,NA,2,1.0004569893120001,1.56552981,NA,1,NA,NA,2
4151,17,12-JUL-24 02.31.55.589158000 AM,1636378,2617792,NA,NA,0.0012000000000000001,0.9988,4,74,106,NA,0.16740000000000002,0.3728,0.45980000000000004,4,1.31259563461,1.8683867125,NA,1,NA,NA,2
4153,1,12-JUL-24 02.31.33.388602000 AM,5937500,6125063,NA,NA,NA,1,4,114,118,NA,NA,NA,1,4,2.37551336223601,3.811423515,NA,0.6296,0.3704,-5.551115123125783e-17,2
4153,2,12-JUL-24 02.31.33.452794000 AM,151476,238600,NA,0.0112,0.0134,0.9754,4,29,44,NA,0.28500000000000003,0.368,0.34700000000000014,3,4.501716884464019,5.4055559099999995,NA,0.0526,0.8686,0.0788,3
4153,3,12-JUL-24 02.31.33.514225000 AM,4199,6371,NA,1,NA,NA,2,24,31,NA,0.012,0.39680000000000004,0.5912000000000001,4,NA,NA,NA,NA,NA,NA,NA
4155,1,12-JUL-24 02.31.33.903914000 AM,22400000,25761120,NA,NA,NA,1,4,200,230,NA,NA,0.98,0.02,3,3.0005063414959996,3.65355351,NA,0.5322,0.46780000000000005,NA,3
4155,2,12-JUL-24 02.31.33.969014000 AM,400000,460020,NA,1,NA,NA,2,128,147,NA,0.43760000000000004,0.5624,NA,3,1.0011347610799999,1.56272207,NA,1,NA,NA,2
4155,4,12-JUL-24 02.31.34.119231000 AM,7680000,8256192,NA,NA,NA,1,4,48,52,NA,NA,NA,1,4,5.99832314190398,7.13114311,NA,NA,0.5036,0.4963999999999999,3
4158,1,12-JUL-24 02.30.15.680717000 AM,8750,12501,NA,1,NA,NA,2,16,23,NA,1,NA,NA,2,0.4396899304500005,0.7251471375,NA,1,NA,NA,2
4158,3,12-JUL-24 02.30.15.762083000 AM,500000,575025,NA,NA,NA,1,4,36,41,NA,1,NA,NA,2,0.9986944577039976,1.57371565,NA,1,NA,NA,2
4158,4,12-JUL-24 02.30.15.837405000 AM,180000,198006,NA,0.4,0.6,NA,3,108,119,NA,NA,1,NA,3,4.49797347216799,5.37144955,NA,0.0454,0.882,0.0726,3
4158,7,12-JUL-24 02.30.15.998078000 AM,19000,19600,NA,1,NA,NA,2,272,280,NA,NA,NA,1,4,7.12616941058801,8.572404825,NA,NA,0.2676,0.7323999999999999,4
4158,10,12-JUL-24 02.30.16.156858000 AM,50000,80010,NA,1,NA,NA,2,3,5,NA,1,NA,NA,2,0.18822646904599982,0.2947536475,NA,1,NA,NA,2
4158,11,12-JUL-24 02.30.16.244019000 AM,20000,23001,NA,1,NA,NA,2,48,55,NA,1,NA,NA,2,1.001642289936,1.57209255,NA,1,NA,NA,2
4161,2,12-JUL-24 02.31.56.127459000 AM,11008336,17182775,NA,0.7266,0.23820000000000002,0.035199999999999995,2,48,68,NA,0.9558000000000001,0.0442,1.3877787807814449e-17,2,1.5009091278159998,2.3752306699999997,NA,0.9610000000000001,0.039,3.4694469519536136e-17,2
4162,9,12-JUL-24 02.30.48.672502000 AM,1,1,NA,1,NA,NA,2,1,1,NA,1,NA,NA,2,4.50159095672799,5.40956427,NA,0.0488,0.876,0.0752,3
4162,12,12-JUL-24 02.30.48.898626000 AM,400000,460020,NA,NA,NA,1,4,146,168,NA,0.0178,0.9822000000000001,NA,3,0.9985237613120002,1.56236103,NA,1,NA,NA,2
4162,13,12-JUL-24 02.30.48.996152000 AM,1,1,NA,1,NA,NA,2,1,1,NA,1,NA,NA,2,2.0002321132320002,3.19105103,NA,0.7522000000000001,0.24780000000000002,2.7755575615628907e-17,2
235,4,12-JUL-24 02.32.06.572716000 AM,NA,NA,1,NA,NA,NA,1,NA,NA,NA,NA,NA,NA,NA,NA,NA,NA,NA,NA,NA,NA
235,6,12-JUL-24 02.32.06.751629000 AM,NA,NA,NA,NA,NA,NA,NA,NA,NA,NA,NA,NA,NA,NA,2.000956302024,3.17083593,NA,0.7562,0.24380000000000002,2.7755575615628907e-17,2
235,7,12-JUL-24 02.32.06.833022000 AM,NA,NA,NA,NA,NA,NA,NA,NA,NA,NA,NA,NA,NA,NA,1.499325447024,2.37929921,NA,0.9630000000000001,0.037000000000000005,3.4694469519536136e-17,2
235,8,12-JUL-24 02.32.06.907536000 AM,NA,NA,NA,NA,NA,NA,NA,NA,NA,NA,NA,NA,NA,NA,1.499997142944,2.38043859,NA,0.9590000000000001,0.041,3.4694469519536136e-17,2
235,9,12-JUL-24 02.32.06.985607000 AM,60000,66002,NA,1,NA,NA,2,NA,NA,NA,NA,NA,NA,NA,NA,NA,NA,NA,NA,NA,NA
235,10,12-JUL-24 02.32.07.063365000 AM,400000,430010,NA,NA,NA,1,4,48,52,NA,1,NA,NA,2,NA,NA,NA,NA,NA,NA,NA
235,11,12-JUL-24 02.32.07.152310000 AM,80000,92004,NA,1,NA,NA,2,36,41,NA,1,NA,NA,2,NA,NA,NA,NA,NA,NA,NA
235,12,12-JUL-24 02.32.07.236036000 AM,60000,66002,NA,1,NA,NA,2,18,20,NA,1,NA,NA,2,NA,NA,NA,NA,NA,NA,NA
235,13,12-JUL-24 02.32.07.305874000 AM,NA,NA,NA,NA,NA,NA,NA,NA,NA,NA,NA,NA,NA,NA,NA,NA,NA,NA,NA,NA,NA
235,14,12-JUL-24 02.32.07.378591000 AM,NA,NA,NA,NA,NA,NA,NA,NA,NA,NA,NA,NA,NA,NA,NA,NA,NA,NA,NA,NA,NA
1241,1,12-JUL-24 02.30.01.753513000 AM,416307,646692,NA,1,NA,NA,2,36,43,NA,1,NA,NA,2,1.999941670248,3.18210507,NA,0.7568,0.2432,-2.7755575615628907e-17,2
1241,2,12-JUL-24 02.30.01.892011000 AM,299881,476608,NA,1,NA,NA,2,36,57,NA,1,NA,NA,2,1.498858956056,2.36920275,NA,0.9642000000000001,0.0358,5.551115123125783e-17,2
1241,5,12-JUL-24 02.30.02.133318000 AM,7498,10138,NA,1,NA,NA,2,4,7,NA,1,NA,NA,2,1.5013220366799997,2.39213777,NA,0.9620000000000001,0.038,3.4694469519536136e-17,2
1664,3,12-JUL-24 02.32.08.417034000 AM,23998,30814,NA,1,NA,NA,2,14,16,NA,1,NA,NA,2,4.500078032584,5.39599125,NA,0.046400000000000004,0.8776,0.076,3
1664,12,12-JUL-24 02.32.09.116164000 AM,8000,9200,NA,1,NA,NA,2,292,336,NA,NA,0.33640000000000003,0.6636000000000001,4,3.0016176280959903,3.66064293,NA,0.5364,0.4636,NA,3
1664,14,12-JUL-24 02.32.09.188899000 AM,8000,9200,NA,1,NA,NA,2,6,7,NA,1,NA,NA,2,0.9992045033599997,1.55913851,NA,1,NA,NA,2
1664,15,12-JUL-24 02.32.09.260900000 AM,150000,165005,NA,1,NA,NA,2,438,482,NA,NA,NA,1,4,4.502118752192,5.41862805,NA,0.0526,0.8686,0.0788,3
1664,16,12-JUL-24 02.32.09.343615000 AM,28027,35558,NA,1,NA,NA,2,146,229,NA,0.4662,0.4388,0.095,3,3.000086915248,3.64875335,NA,0.5224,0.4776,NA,3
1664,17,12-JUL-24 02.32.09.414781000 AM,NA,NA,NA,NA,NA,NA,NA,21,30,NA,0.41000000000000003,0.59,1.1102230246251602e-16,3,1.3132500694,1.8726809875,NA,1,NA,NA,2
2065,1,12-JUL-24 02.31.41.997703000 AM,14013,19760,NA,1,NA,NA,2,24,31,NA,0.9278000000000001,0.0722,4.1633363423443364e-17,2,1.0008957232479998,1.56811115,NA,1,NA,NA,2
2065,2,12-JUL-24 02.31.42.075341000 AM,26005,34205,NA,1,NA,NA,2,22,30,NA,1,NA,NA,2,1.00006232732,1.5742603499999999,NA,1,NA,NA,2
2065,3,12-JUL-24 02.31.42.164941000 AM,5245,7976,NA,1,NA,NA,2,12,18,NA,1,NA,NA,2,0.4416559266100009,0.7404416875000001,NA,1,NA,NA,2
2065,4,12-JUL-24 02.31.42.242404000 AM,61965,84591,NA,1,NA,NA,2,15,19,NA,1,NA,NA,2,3.0001678401759997,3.6776803499999997,NA,0.5312,0.46880000000000005,NA,3
2065,5,12-JUL-24 02.31.42.317734000 AM,30614,44119,NA,1,NA,NA,2,3,4,NA,1,NA,NA,2,0.4384074318800008,0.7233834625000001,NA,1,NA,NA,2
2065,6,12-JUL-24 02.31.42.394384000 AM,55984,70098,NA,1,NA,NA,2,25,30,NA,1,NA,NA,2,1.9997621819519997,3.1838647499999997,NA,0.7508,0.2492,-2.7755575615628907e-17,2
2065,7,12-JUL-24 02.31.42.469218000 AM,92961,125847,NA,1,NA,NA,2,19,23,NA,1,NA,NA,2,1.49903088344,2.38075605,NA,0.9654,0.0346,-3.4694469519536136e-17,2
2065,9,12-JUL-24 02.31.42.649318000 AM,25980,34236,NA,1,NA,NA,2,163,236,NA,0.019200000000000002,0.13520000000000001,0.8456,4,1.002745496208,1.57520475,NA,1,NA,NA,2
2065,11,12-JUL-24 02.31.42.808706000 AM,28013,35457,NA,1,NA,NA,2,15,20,NA,1,NA,NA,2,0.9985966414960002,1.55006845,NA,1,NA,NA,2
2065,12,12-JUL-24 02.31.42.887251000 AM,42028,52499,NA,1,NA,NA,2,163,197,NA,0.3194,0.6806,NA,3,1.4980444983119998,2.36766975,NA,0.9642000000000001,0.0358,5.551115123125783e-17,2
2065,13,12-JUL-24 02.31.42.961571000 AM,58060,82141,NA,1,NA,NA,2,38,55,NA,1,NA,NA,2,1.000944809856,1.5649958899999998,NA,1,NA,NA,2
2065,15,12-JUL-24 02.31.43.110849000 AM,90019,107649,NA,1,NA,NA,2,45,51,NA,1,NA,NA,2,1.49986585924,2.39197015,NA,0.9620000000000001,0.038,3.4694469519536136e-17,2
2065,17,12-JUL-24 02.31.43.254624000 AM,72064,100026,NA,1,NA,NA,2,54,65,NA,1,NA,NA,2,1.5003803324559999,2.37883365,NA,0.9670000000000001,0.033,2.7755575615628907e-17,2
2126,2,12-JUL-24 02.32.37.917422000 AM,NA,NA,1,NA,NA,NA,1,NA,NA,1,NA,NA,NA,1,4.498980902608019,5.40596945,NA,0.047,0.8802000000000001,0.07279999999999999,3
2147,19,12-JUL-24 02.31.24.253622000 AM,12331060,18848775,NA,4e-4,0.001,0.9986,4,172,259,NA,0.024,0.07680000000000001,0.8992,4,-3.00203060453601,-2.33079843,1,NA,NA,NA,1
2307,2,12-JUL-24 02.32.38.148313000 AM,1,1,NA,1,NA,NA,2,1,1,NA,1,NA,NA,2,-5.9979828017039996,-4.78191759,1,NA,NA,NA,1
2307,3,12-JUL-24 02.32.38.224130000 AM,1,1,NA,1,NA,NA,2,1,1,NA,1,NA,NA,2,1.500901226736,2.36718853,NA,0.9594,0.040600000000000004,-2.7755575615628907e-17,2
2847,6,12-JUL-24 02.30.39.931421000 AM,12284,17760,NA,1,NA,NA,2,10,15,NA,1,NA,NA,2,0.4357898204799991,0.7161644875000002,NA,1,NA,NA,2
2847,7,12-JUL-24 02.30.40.023099000 AM,11378,16730,NA,1,NA,NA,2,13,20,NA,1,NA,NA,2,0.43717564282999993,0.7192078125000002,NA,1,NA,NA,2
2847,12,12-JUL-24 02.30.40.442037000 AM,31524,48442,NA,1,NA,NA,2,53,81,NA,0.9572,0.042800000000000005,-4.85722573273506e-17,2,4.49972650794399,5.38117785,NA,0.048400000000000006,0.8762000000000001,0.0754,3
2847,18,12-JUL-24 02.30.40.938068000 AM,13999,19784,NA,1,NA,NA,2,15,20,NA,1,NA,NA,2,1.0007844177999998,1.5711930299999999,NA,1,NA,NA,2
2847,21,12-JUL-24 02.30.41.196384000 AM,15000,20158,NA,1,NA,NA,2,24,31,NA,1,NA,NA,2,1.500411397088,2.37580675,NA,0.9598000000000001,0.0402,1.3877787807814449e-17,2
2847,25,12-JUL-24 02.30.41.513175000 AM,17993,24918,NA,1,NA,NA,2,99,136,NA,0.5206000000000001,0.47940000000000005,5.551115123125783e-17,2,-4.499452452776,-3.57158549,1,NA,NA,NA,1
3069,6,12-JUL-24 02.32.39.661588000 AM,NA,NA,1,NA,NA,NA,1,NA,NA,1,NA,NA,NA,1,1.500702364464,2.39419053,NA,0.9644,0.0356,-3.4694469519536136e-17,2
3069,23,12-JUL-24 02.32.41.049737000 AM,29974,46661,NA,1,NA,NA,2,36,56,NA,1,NA,NA,2,2.998695631104,3.6468839099999997,NA,0.5372,0.46280000000000004,NA,2
3069,25,12-JUL-24 02.32.41.212358000 AM,26222,43164,NA,1,NA,NA,2,16,26,NA,1,NA,NA,2,0.4352762083599993,0.7122302875000002,NA,1,NA,NA,2
3130,28,12-JUL-24 02.30.06.929597000 AM,NA,NA,1,NA,NA,NA,1,NA,NA,1,NA,NA,NA,1,1.4985833033120002,2.37159447,NA,0.9638000000000001,0.0362,6.93889390390723e-18,2
3430,1,12-JUL-24 02.30.07.027232000 AM,180000,198006,NA,1,NA,NA,2,NA,NA,1,NA,NA,NA,1,4.49961409728001,5.3943129899999995,NA,0.0482,0.875,0.0768,3
3430,4,12-JUL-24 02.30.07.160437000 AM,NA,NA,1,NA,NA,NA,1,NA,NA,1,NA,NA,NA,1,4.500098565784,5.393497829999999,NA,0.0472,0.8828,0.06999999999999999,3
3430,5,12-JUL-24 02.30.07.236203000 AM,NA,NA,1,NA,NA,NA,1,NA,NA,1,NA,NA,NA,1,0.062360783074000004,0.1086729375,NA,1,NA,NA,2
3430,6,12-JUL-24 02.30.07.315492000 AM,240000,258006,NA,0.32,0.68,-1.1102230246251602e-16,3,96,103,NA,NA,1,NA,3,6.00015427732801,7.17475865,NA,NA,0.5034000000000001,0.4966,4
3430,7,12-JUL-24 02.30.07.388201000 AM,NA,NA,1,NA,NA,NA,1,NA,NA,1,NA,NA,NA,1,5.998537040895999,7.17681571,NA,NA,0.5048,0.49520000000000003,3
3430,8,12-JUL-24 02.30.07.463681000 AM,NA,NA,1,NA,NA,NA,1,NA,NA,1,NA,NA,NA,1,-0.062467891608000196,-0.012651127500000001,1,NA,NA,NA,1
3430,12,12-JUL-24 02.30.07.754256000 AM,159958,238379,NA,0.7778,0.20700000000000002,0.0152,2,127,187,NA,0.2738,0.4052,0.3209999999999999,3,0.9991444001200014,1.56860341,NA,1,NA,NA,2
3430,13,12-JUL-24 02.30.07.836908000 AM,93334,116078,NA,NA,NA,1,4,80,103,NA,0.0296,0.3914,0.5790000000000001,4,2.000665012552,3.19184633,NA,0.7528,0.2472,-2.7755575615628907e-17,2
3430,14,12-JUL-24 02.30.07.925593000 AM,NA,NA,1,NA,NA,NA,1,72,83,NA,NA,0.5278,0.4721999999999999,3,1.000219120224,1.5662421499999999,NA,1,NA,NA,2
3431,1,12-JUL-24 02.32.09.529778000 AM,NA,NA,1,NA,NA,NA,1,NA,NA,1,NA,NA,NA,1,7.124980272044,8.545113774999999,NA,NA,0.2622,0.7378,4
3431,9,12-JUL-24 02.32.10.320695000 AM,NA,NA,1,NA,NA,NA,1,NA,NA,1,NA,NA,NA,1,1.501786055384,2.38857875,NA,0.9646,0.0354,-1.3877787807814449e-17,2
3431,10,12-JUL-24 02.32.10.414671000 AM,NA,NA,1,NA,NA,NA,1,NA,NA,1,NA,NA,NA,1,1.49976053076801,2.38635939,NA,0.9632000000000001,0.0368,5.551115123125783e-17,2
3431,11,12-JUL-24 02.32.10.524994000 AM,NA,NA,1,NA,NA,NA,1,NA,NA,1,NA,NA,NA,1,1.499814067424,2.3829219900000003,NA,0.9610000000000001,0.039,3.4694469519536136e-17,2
3431,12,12-JUL-24 02.32.10.604228000 AM,NA,NA,1,NA,NA,NA,1,NA,NA,1,NA,NA,NA,1,2.375002030096,3.791403725,NA,0.6302,0.3698,NA,2
3431,13,12-JUL-24 02.32.10.684125000 AM,NA,NA,1,NA,NA,NA,1,NA,NA,1,NA,NA,NA,1,1.4992009938959998,2.37755545,NA,0.9640000000000001,0.036000000000000004,3.4694469519536136e-17,2
3431,14,12-JUL-24 02.32.10.770411000 AM,NA,NA,1,NA,NA,NA,1,NA,NA,1,NA,NA,NA,1,2.0019877718639996,3.19187885,NA,0.7532,0.24680000000000002,2.7755575615628907e-17,2
3431,15,12-JUL-24 02.32.10.849330000 AM,NA,NA,1,NA,NA,NA,1,NA,NA,1,NA,NA,NA,1,6.00207799958401,7.211667329999999,NA,NA,0.5136000000000001,0.4864,4
3431,16,12-JUL-24 02.32.10.928935000 AM,NA,NA,1,NA,NA,NA,1,NA,NA,1,NA,NA,NA,1,4.498547857047999,5.40356917,NA,0.046,0.8808,0.0731999999999999,3
3431,17,12-JUL-24 02.32.11.007296000 AM,NA,NA,1,NA,NA,NA,1,NA,NA,1,NA,NA,NA,1,4.49941670884001,5.38236663,NA,0.0488,0.8792000000000001,0.0720000000000001,3
3431,18,12-JUL-24 02.32.11.086748000 AM,NA,NA,1,NA,NA,NA,1,NA,NA,1,NA,NA,NA,1,5.999608115287989,7.20372245,NA,NA,0.5086,0.4913999999999999,3
3431,19,12-JUL-24 02.32.11.168273000 AM,NA,NA,1,NA,NA,NA,1,NA,NA,1,NA,NA,NA,1,7.124851329019999,8.532901124999999,NA,NA,0.264,0.736,4
3431,20,12-JUL-24 02.32.11.246856000 AM,NA,NA,1,NA,NA,NA,1,NA,NA,1,NA,NA,NA,1,2.00076687556,3.18991111,NA,0.7514000000000001,0.24860000000000002,5.551115123125783e-17,2
3431,21,12-JUL-24 02.32.11.325202000 AM,NA,NA,1,NA,NA,NA,1,NA,NA,1,NA,NA,NA,1,0.1873735137399997,0.29530849249999996,NA,1,NA,NA,2
3431,22,12-JUL-24 02.32.11.418481000 AM,NA,NA,1,NA,NA,NA,1,NA,NA,1,NA,NA,NA,1,6.000714906487999,7.176096509999999,NA,NA,0.5038,0.49620000000000003,4
3431,23,12-JUL-24 02.32.11.499917000 AM,NA,NA,1,NA,NA,NA,1,NA,NA,1,NA,NA,NA,1,4.49937701190399,5.38619055,NA,0.0468,0.8784000000000001,0.0748000000000001,3
3431,24,12-JUL-24 02.32.11.590898000 AM,NA,NA,1,NA,NA,NA,1,NA,NA,1,NA,NA,NA,1,1.998752978032,3.17581177,NA,0.7546,0.2454,-5.551115123125783e-17,2
3431,25,12-JUL-24 02.32.11.684728000 AM,NA,NA,1,NA,NA,NA,1,NA,NA,1,NA,NA,NA,1,1.497993232496,2.38510497,NA,0.9642000000000001,0.0358,5.551115123125783e-17,2
3431,26,12-JUL-24 02.32.11.762001000 AM,NA,NA,1,NA,NA,NA,1,NA,NA,1,NA,NA,NA,1,0.0627333309819999,0.1102234375,NA,1,NA,NA,2
3431,27,12-JUL-24 02.32.11.835928000 AM,NA,NA,1,NA,NA,NA,1,NA,NA,1,NA,NA,NA,1,0.062222355380000004,0.1095468075,NA,1,NA,NA,2
3431,29,12-JUL-24 02.32.11.912673000 AM,NA,NA,1,NA,NA,NA,1,NA,NA,1,NA,NA,NA,1,0.062819370796,0.1108413475,NA,1,NA,NA,2
3431,30,12-JUL-24 02.32.11.990845000 AM,NA,NA,1,NA,NA,NA,1,NA,NA,1,NA,NA,NA,1,0.06225426195,0.1091868825,NA,1,NA,NA,2
3431,31,12-JUL-24 02.32.12.097365000 AM,NA,NA,1,NA,NA,NA,1,NA,NA,1,NA,NA,NA,1,0.0625717426180001,0.11063487749999999,NA,1,NA,NA,2
3431,32,12-JUL-24 02.32.12.198659000 AM,NA,NA,1,NA,NA,NA,1,NA,NA,1,NA,NA,NA,1,7.125653032971989,8.536834424999999,NA,NA,0.26480000000000004,0.7352000000000001,4
3431,33,12-JUL-24 02.32.12.279013000 AM,NA,NA,1,NA,NA,NA,1,NA,NA,1,NA,NA,NA,1,2.001036434472,3.18604551,NA,0.749,0.251,NA,2
3431,34,12-JUL-24 02.32.12.377692000 AM,23750,24500,NA,NA,NA,1,4,57,59,NA,NA,NA,1,4,2.375276083864,3.8008333249999997,NA,0.6334000000000001,0.36660000000000004,5.551115123125783e-17,2
3431,35,12-JUL-24 02.32.12.474035000 AM,23750,24500,NA,NA,NA,1,4,57,59,NA,NA,NA,1,4,2.374126692652,3.785306305,NA,0.631,0.369,NA,2
3431,36,12-JUL-24 02.32.12.563739000 AM,NA,NA,1,NA,NA,NA,1,NA,NA,1,NA,NA,NA,1,1.498816347552,2.37290985,NA,0.9638000000000001,0.0362,6.93889390390723e-18,2
3431,37,12-JUL-24 02.32.12.661082000 AM,NA,NA,1,NA,NA,NA,1,NA,NA,1,NA,NA,NA,1,0.9999484311600004,1.5681230099999999,NA,1,NA,NA,2
3431,38,12-JUL-24 02.32.12.743233000 AM,NA,NA,1,NA,NA,NA,1,NA,NA,1,NA,NA,NA,1,0.4361187377700002,0.7120447125000001,NA,1,NA,NA,2
3451,1,12-JUL-24 02.31.34.573140000 AM,400000,460020,NA,NA,NA,1,4,146,168,NA,NA,0.0014,0.9986,4,1.001139915392,1.5756833099999998,NA,1,NA,NA,2
3451,10,12-JUL-24 02.31.35.224781000 AM,NA,NA,NA,NA,NA,NA,NA,NA,NA,NA,NA,NA,NA,NA,1.501836103624,2.38431981,NA,0.9624,0.0376,-3.4694469519536136e-17,2
3451,11,12-JUL-24 02.31.35.300170000 AM,NA,NA,NA,NA,NA,NA,NA,NA,NA,NA,NA,NA,NA,NA,0.998983764672001,1.56755221,NA,1,NA,NA,2
3451,20,12-JUL-24 02.31.35.946679000 AM,1200000,1380060,NA,NA,NA,1,4,NA,NA,1,NA,NA,NA,1,-0.9999152880959973,-0.3921344699999998,1,NA,NA,NA,1
3451,22,12-JUL-24 02.31.36.026140000 AM,1780000,2047089,NA,NA,NA,1,4,NA,NA,NA,NA,NA,NA,NA,2.999558846888,3.6585669899999997,NA,0.536,0.464,-5.551115123125783e-17,2
3451,24,12-JUL-24 02.31.36.201083000 AM,1600182,2390959,NA,1,NA,NA,2,18,28,NA,0.9512,0.0488,-4.85722573273506e-17,2,3.0025424972320103,3.66447213,NA,0.5336000000000001,0.46640000000000004,5.551115123125783e-17,3
3451,25,12-JUL-24 02.31.36.285086000 AM,407779,606484,NA,1,NA,NA,2,16,26,NA,0.9292,0.0708,-2.7755575615628907e-17,2,0.43728778257000034,0.7245512375000001,NA,1,NA,NA,2
3511,1,12-JUL-24 02.32.47.103583000 AM,240006,308862,NA,0.8922,0.10780000000000001,NA,2,63,89,NA,0.6266,0.3734,-5.551115123125783e-17,2,4.499566322872,5.39962731,NA,0.0444,0.8832000000000001,0.0724,3
3511,2,12-JUL-24 02.32.47.190577000 AM,480000,528016,NA,NA,1,NA,3,72,79,NA,0.5542,0.44580000000000003,NA,2,4.499053981184,5.38278819,NA,0.05,0.8764000000000001,0.0736,3
3511,3,12-JUL-24 02.32.47.272058000 AM,40000,43001,NA,1,NA,NA,2,120,129,NA,NA,1,NA,3,6.000854876176009,7.17719373,NA,NA,0.511,0.48900000000000005,4
3511,5,12-JUL-24 02.32.47.354377000 AM,120000,132004,NA,1,NA,NA,2,90,103,NA,0.11900000000000001,0.881,NA,3,4.5007024216400096,5.40646645,NA,0.0458,0.8784000000000001,0.0758000000000001,3
3511,6,12-JUL-24 02.32.47.438965000 AM,120000,132004,NA,1,NA,NA,2,72,79,NA,0.5542,0.44580000000000003,NA,2,4.500138180456,5.412049649999999,NA,0.0458,0.8802000000000001,0.0740000000000001,3
3511,7,12-JUL-24 02.32.47.523256000 AM,40000,43001,NA,1,NA,NA,2,48,52,NA,1,NA,NA,2,5.99984788721602,7.15972785,NA,NA,0.506,0.49400000000000005,3
3511,8,12-JUL-24 02.32.47.616967000 AM,95000,98001,NA,1,NA,NA,2,43,51,NA,1,NA,NA,2,7.124602394339999,8.534471045,NA,NA,0.2636,0.7363999999999999,4
3511,9,12-JUL-24 02.32.47.695154000 AM,300000,330010,NA,0.89,0.11,-1.3877787807814449e-17,2,72,79,NA,0.5542,0.44580000000000003,NA,2,4.499902734807999,5.38656723,NA,0.0458,0.8786,0.0756,3
3511,11,12-JUL-24 02.32.47.799042000 AM,29993,36483,NA,1,NA,NA,2,18,22,NA,1,NA,NA,2,1.002704032392,1.5736196699999998,NA,1,NA,NA,2
3511,14,12-JUL-24 02.32.47.879108000 AM,14991,18223,NA,1,NA,NA,2,18,22,NA,1,NA,NA,2,0.9986980944560002,1.56247707,NA,1,NA,NA,2
3511,16,12-JUL-24 02.32.47.958788000 AM,35000,50005,NA,1,NA,NA,2,11,15,NA,1,NA,NA,2,0.43902071268000026,0.7186946625000001,NA,1,NA,NA,2
3511,17,12-JUL-24 02.32.48.043891000 AM,59987,77138,NA,1,NA,NA,2,18,20,NA,1,NA,NA,2,1.5001402424,2.3701367700000002,NA,0.9640000000000001,0.036000000000000004,3.4694469519536136e-17,2
3511,20,12-JUL-24 02.32.48.207376000 AM,45000,49501,NA,1,NA,NA,2,36,40,NA,1,NA,NA,2,1.500171259448,2.37366257,NA,0.9640000000000001,0.036000000000000004,3.4694469519536136e-17,2
3511,21,12-JUL-24 02.32.48.286718000 AM,17480,25581,NA,1,NA,NA,2,16,23,NA,1,NA,NA,2,0.43438951204999976,0.7080971625000001,NA,1,NA,NA,2
3511,22,12-JUL-24 02.32.48.372454000 AM,45000,49501,NA,1,NA,NA,2,18,20,NA,1,NA,NA,2,1.500850037336,2.38749695,NA,0.9618000000000001,0.038200000000000005,1.3877787807814449e-17,2
3511,23,12-JUL-24 02.32.48.451643000 AM,12000,13801,NA,1,NA,NA,2,8,9,NA,1,NA,NA,2,-1.0013622946479999,-0.38829398999999976,1,NA,NA,NA,1
3511,25,12-JUL-24 02.32.48.536734000 AM,24000,27601,NA,1,NA,NA,2,18,21,NA,1,NA,NA,2,0.9999366347999982,1.56871383,NA,1,NA,NA,2
3511,26,12-JUL-24 02.32.48.620577000 AM,120136,166394,NA,NA,NA,1,4,42,59,NA,0.9488000000000001,0.0512,2.081668171172168e-17,2,0.9996946982239995,1.56867225,NA,1,NA,NA,2
3511,27,12-JUL-24 02.32.48.710896000 AM,39991,51890,NA,1,NA,NA,2,36,41,NA,1,NA,NA,2,1.001144204944,1.56437697,NA,1,NA,NA,2
3511,28,12-JUL-24 02.32.48.790120000 AM,209877,264292,NA,0.9810000000000001,0.019,1.7347234759768068e-17,2,96,124,NA,0.278,0.6514,0.07060000000000001,3,0.9995808004880009,1.56664089,NA,1,NA,NA,2
3511,29,12-JUL-24 02.32.48.880954000 AM,43505,53515,NA,NA,NA,1,4,36,46,NA,1,NA,NA,2,1.500158278768,2.35664325,NA,0.9624,0.0376,-3.4694469519536136e-17,2
3511,30,12-JUL-24 02.32.48.961026000 AM,34506,40918,NA,1,NA,NA,2,32,45,NA,1,NA,NA,2,1.498876908936,2.37351283,NA,0.9628000000000001,0.037200000000000004,1.3877787807814449e-17,2
3511,31,12-JUL-24 02.32.49.047678000 AM,800034,1032390,NA,NA,0.2088,0.7912,4,288,372,NA,NA,0.020800000000000003,0.9792000000000001,4,1.9981847907919998,3.1770745899999997,NA,0.7536,0.2464,-5.551115123125783e-17,2
3511,32,12-JUL-24 02.32.49.141017000 AM,97462,127952,NA,1,NA,NA,2,63,79,NA,0.7056,0.2944,NA,2,1.501288334056,2.38193501,NA,0.9630000000000001,0.037000000000000005,3.4694469519536136e-17,2
3511,33,12-JUL-24 02.32.49.225652000 AM,120057,155095,NA,1,NA,NA,2,36,40,NA,1,NA,NA,2,1.500249731376,2.37655035,NA,0.9618000000000001,0.038200000000000005,1.3877787807814449e-17,2
3511,35,12-JUL-24 02.32.49.313083000 AM,105227,150020,NA,1,NA,NA,2,72,79,NA,0.5542,0.44580000000000003,NA,2,4.498262186544009,5.3935980699999995,NA,0.046400000000000004,0.8784000000000001,0.0752,3
3511,36,12-JUL-24 02.32.49.394481000 AM,70070,98981,NA,1,NA,NA,2,48,62,NA,0.9322,0.0678,-2.7755575615628907e-17,2,2.99807034967201,3.63641265,NA,0.5322,0.46780000000000005,NA,2
3511,37,12-JUL-24 02.32.49.475718000 AM,29009,36058,NA,NA,NA,1,4,24,31,NA,1,NA,NA,2,1.0004461071519999,1.56841965,NA,1,NA,NA,2
3511,38,12-JUL-24 02.32.49.558708000 AM,55030,70675,NA,NA,NA,1,4,42,53,NA,0.9988,0.0012000000000000001,-2.103352214621878e-17,2,0.9999349848160025,1.56755021,NA,1,NA,NA,2
3511,39,12-JUL-24 02.32.49.644108000 AM,100000,115005,NA,1,NA,NA,2,24,31,NA,1,NA,NA,2,0.9999853167439995,1.5688941299999999,NA,1,NA,NA,2
3511,40,12-JUL-24 02.32.49.728738000 AM,100000,115005,NA,1,NA,NA,2,24,31,NA,1,NA,NA,2,1.0008429552,1.56368461,NA,1,NA,NA,2
3511,42,12-JUL-24 02.32.49.887002000 AM,153010,240132,NA,0.9976,0.0024000000000000002,-4.206704429243757e-17,2,63,79,NA,0.7070000000000001,0.29300000000000004,5.551115123125783e-17,2,4.4987710350959995,5.39620281,NA,0.042800000000000005,0.8836,0.0736,3
3531,4,12-JUL-24 02.32.01.689616000 AM,8000,9200,NA,1,NA,NA,2,6,7,NA,1,NA,NA,2,0.999112632911999,1.56725275,NA,1,NA,NA,2
3544,18,12-JUL-24 02.30.26.423142000 AM,1334787412,2190613031,NA,NA,NA,1,4,107,145,NA,0.0148,0.0432,0.9420000000000001,4,0.998010863712001,1.55817979,NA,1,NA,NA,2
3551,1,12-JUL-24 02.32.01.864187000 AM,149,244,NA,0.2404,0.163,0.5966,4,2,3,NA,1,NA,NA,2,0.0626711057479999,0.1102369675,NA,1,NA,NA,2
3551,2,12-JUL-24 02.32.01.928297000 AM,NA,NA,NA,NA,NA,NA,NA,NA,NA,NA,NA,NA,NA,NA,0.4362119077200004,0.7154993124999999,NA,1,NA,NA,2
3555,9,12-JUL-24 02.30.27.523555000 AM,-29953,-11788,1,NA,NA,NA,1,-77,-30,1,NA,NA,NA,1,1.499406364688,2.38736523,NA,0.9618000000000001,0.038200000000000005,1.3877787807814449e-17,2
3555,22,12-JUL-24 02.30.28.520097000 AM,NA,NA,NA,NA,NA,NA,NA,27,36,NA,0.995,0.005,4.33680868994202e-18,2,-1.498643752512,-0.6052290299999998,1,NA,NA,NA,1
3571,7,12-JUL-24 02.30.29.039468000 AM,NA,NA,1,NA,NA,NA,1,24,26,NA,1,NA,NA,2,1.499775877336,2.3736821900000002,NA,0.9644,0.0356,-3.4694469519536136e-17,2
3572,4,12-JUL-24 02.30.29.137860000 AM,NA,NA,NA,NA,NA,NA,NA,NA,NA,NA,NA,NA,NA,NA,3.000548002544,3.67325453,NA,0.5382,0.46180000000000004,NA,3
3572,7,12-JUL-24 02.30.29.420981000 AM,180000,198006,NA,0.6,0.4,NA,2,108,119,NA,0.543,0.457,-5.551115123125783e-17,2,1.5007816015359998,2.38627837,NA,0.9630000000000001,0.037000000000000005,3.4694469519536136e-17,2
3572,12,12-JUL-24 02.30.29.658536000 AM,NA,NA,NA,NA,NA,NA,NA,6,9,NA,1,NA,NA,2,0.9991814975519976,1.5696468899999998,NA,1,NA,NA,2
3572,16,12-JUL-24 02.30.29.992238000 AM,604883,940278,NA,0.15080000000000002,0.1058,0.7434000000000001,4,236,328,NA,0.1218,0.33680000000000004,0.5414,4,2.999584764224,3.65857205,NA,0.535,0.465,-5.551115123125783e-17,2
3572,18,12-JUL-24 02.30.30.150045000 AM,130089,187962,NA,NA,NA,1,4,180,265,NA,0.030600000000000002,0.08940000000000001,0.88,4,4.498334180903989,5.36336913,NA,0.0472,0.8782000000000001,0.0746,3
3572,28,12-JUL-24 02.30.30.945210000 AM,44999,71187,NA,1,NA,NA,2,54,85,NA,0.9674,0.032600000000000004,-3.4694469519536136e-17,2,1.500194373968,2.38038351,NA,0.9614,0.0386,-3.4694469519536136e-17,2
3572,29,12-JUL-24 02.30.31.038120000 AM,29999,47341,NA,1,NA,NA,2,79,102,NA,0.8538,0.1462,NA,2,2.99998238666401,3.64844855,NA,0.5322,0.46780000000000005,NA,2
3572,30,12-JUL-24 02.30.31.115692000 AM,10000,11501,NA,1,NA,NA,2,24,28,NA,1,NA,NA,2,0.9981074333439999,1.56584097,NA,1,NA,NA,2
3572,31,12-JUL-24 02.30.31.196355000 AM,9984,15603,NA,1,NA,NA,2,18,28,NA,1,NA,NA,2,0.9996413699359987,1.56656675,NA,1,NA,NA,2
3572,36,12-JUL-24 02.30.31.429175000 AM,32989,51407,NA,1,NA,NA,2,27,42,NA,1,NA,NA,2,1.4996703399679998,2.3710200099999996,NA,0.9602,0.0398,-5.551115123125783e-17,2
3572,38,12-JUL-24 02.30.31.588210000 AM,4998,6775,NA,1,NA,NA,2,9,11,NA,1,NA,NA,2,3.000853783104,3.66664701,NA,0.5384,0.4616,NA,3
3574,1,12-JUL-24 02.32.29.942231000 AM,60000,69003,NA,NA,NA,1,4,72,83,NA,NA,0.5278,0.4721999999999999,3,0.9995021199039998,1.5662328699999999,NA,1,NA,NA,2
3574,2,12-JUL-24 02.32.30.056264000 AM,20000,23001,NA,NA,NA,1,4,72,83,NA,NA,0.5278,0.4721999999999999,3,0.9999350142080005,1.56727815,NA,1,NA,NA,2
3574,3,12-JUL-24 02.32.30.144343000 AM,30000,34502,NA,NA,NA,1,4,146,168,NA,NA,NA,1,4,1.00249851701601,1.58164539,NA,1,NA,NA,2
3574,4,12-JUL-24 02.32.30.227718000 AM,20000,23001,NA,1,NA,NA,2,72,83,NA,0.11120000000000001,0.8888,NA,3,0.9995806432480001,1.5685618300000002,NA,1,NA,NA,2
3574,5,12-JUL-24 02.32.30.316942000 AM,4000,4600,NA,1,NA,NA,2,12,14,NA,1,NA,NA,2,0.9982002076880034,1.5729412900000002,NA,1,NA,NA,2
3574,7,12-JUL-24 02.32.30.507908000 AM,6000,6600,NA,1,NA,NA,2,18,20,NA,1,NA,NA,2,1.5001610382159998,2.37199943,NA,0.9624,0.0376,-3.4694469519536136e-17,2
3574,8,12-JUL-24 02.32.30.589797000 AM,30000,33001,NA,1,NA,NA,2,18,20,NA,1,NA,NA,2,1.4976345898719998,2.38893993,NA,0.9640000000000001,0.036000000000000004,3.4694469519536136e-17,2
3574,9,12-JUL-24 02.32.30.670296000 AM,600,660,NA,1,NA,NA,2,8,9,NA,1,NA,NA,2,1.500256216296,2.38230121,NA,0.9628000000000001,0.037200000000000004,1.3877787807814449e-17,2
3574,10,12-JUL-24 02.32.30.750743000 AM,16000,18401,NA,1,NA,NA,2,12,14,NA,1,NA,NA,2,0.9994285449839979,1.5693579899999999,NA,1,NA,NA,2
3574,11,12-JUL-24 02.32.30.832846000 AM,12000,13200,NA,1,NA,NA,2,18,20,NA,1,NA,NA,2,1.497560629272,2.36313165,NA,0.9662000000000001,0.033800000000000004,5.551115123125783e-17,2
3574,12,12-JUL-24 02.32.30.925232000 AM,6000,6600,NA,1,NA,NA,2,18,20,NA,1,NA,NA,2,4.49889967815999,5.38894407,NA,0.046400000000000004,0.8792000000000001,0.07440000000000001,3
3574,13,12-JUL-24 02.32.31.008624000 AM,60000,66002,NA,1,NA,NA,2,108,119,NA,NA,0.7222000000000001,0.2778,3,1.501279440448,2.36785641,NA,0.9616,0.038400000000000004,-6.93889390390723e-18,2
3574,14,12-JUL-24 02.32.31.098979000 AM,60000,66002,NA,NA,NA,1,4,108,119,NA,NA,NA,1,4,4.499494484671989,5.39084325,NA,0.0478,0.8784000000000001,0.0738000000000001,3
3574,15,12-JUL-24 02.32.31.180950000 AM,11999,13200,NA,1,NA,NA,2,54,59,NA,0.7222000000000001,0.2778,5.551115123125783e-17,2,4.500076388591999,5.39246103,NA,0.0476,0.8784000000000001,0.0740000000000001,3
3574,16,12-JUL-24 02.32.31.260520000 AM,30000,33001,NA,1,NA,NA,2,18,20,NA,1,NA,NA,2,1.502661001784,2.39159349,NA,0.9618000000000001,0.038200000000000005,1.3877787807814449e-17,2
3574,18,12-JUL-24 02.32.31.415761000 AM,4000,4600,NA,1,NA,NA,2,12,14,NA,1,NA,NA,2,-0.9981037319439973,-0.39992733000000014,1,NA,NA,NA,1
3574,20,12-JUL-24 02.32.31.568216000 AM,12000,13200,NA,1,NA,NA,2,36,40,NA,1,NA,NA,2,1.499479961024,2.38081787,NA,0.9652000000000001,0.034800000000000005,5.551115123125783e-17,2
3574,21,12-JUL-24 02.32.31.656531000 AM,9600,10320,NA,1,NA,NA,2,8,9,NA,1,NA,NA,2,1.999784023648,3.1866011100000002,NA,0.757,0.24300000000000002,NA,2
3574,23,12-JUL-24 02.32.31.835179000 AM,4000,4600,NA,1,NA,NA,2,24,28,NA,1,NA,NA,2,2.999576873,3.65363423,NA,0.5326000000000001,0.46740000000000004,5.551115123125783e-17,2
3574,25,12-JUL-24 02.32.31.995377000 AM,30000,33001,NA,1,NA,NA,2,108,119,NA,NA,0.7222000000000001,0.2778,3,1.49953657296,2.37675725,NA,0.9614,0.0386,-3.4694469519536136e-17,2
3574,26,12-JUL-24 02.32.32.077962000 AM,60000,66002,NA,NA,NA,1,4,108,119,NA,NA,NA,1,4,4.50056543091201,5.39326887,NA,0.048600000000000004,0.8732000000000001,0.0782000000000001,3
3574,27,12-JUL-24 02.32.32.159864000 AM,4000,4600,NA,NA,NA,1,4,24,28,NA,1,NA,NA,2,0.9993487588880016,1.57459671,NA,1,NA,NA,2
3593,1,12-JUL-24 02.30.42.292832000 AM,NA,NA,1,NA,NA,NA,1,NA,NA,1,NA,NA,NA,1,5.99929895432802,7.147218209999999,NA,NA,0.5106,0.4893999999999999,3
3652,1,12-JUL-24 02.30.43.995348000 AM,200036,313480,NA,NA,NA,1,4,195,277,NA,0.496,0.444,0.06,3,3.0019258371440003,3.66672447,NA,0.5332,0.46680000000000005,NA,3
3652,3,12-JUL-24 02.30.44.151519000 AM,8004,12082,NA,1,NA,NA,2,47,71,NA,0.643,0.3428,0.0142,2,2.001096591816,3.18785715,NA,0.7536,0.2464,-5.551115123125783e-17,2
3652,6,12-JUL-24 02.30.44.377314000 AM,110002,139431,NA,0.0228,0.3844,0.5928,4,182,246,NA,NA,0.1688,0.8311999999999999,4,5.99966708723201,7.166088049999999,NA,NA,0.5046,0.4953999999999999,3
3652,14,12-JUL-24 02.30.44.940617000 AM,7991,12012,NA,1,NA,NA,2,12,17,NA,1,NA,NA,2,1.00073282332,1.56981725,NA,1,NA,NA,2
3691,2,12-JUL-24 02.31.24.521143000 AM,0,0,NA,NA,NA,1,4,NA,NA,1,NA,NA,NA,1,3.000627300992,3.6451170100000003,NA,0.5346000000000001,0.46540000000000004,5.551115123125783e-17,3
3691,4,12-JUL-24 02.31.24.585816000 AM,NA,NA,1,NA,NA,NA,1,NA,NA,1,NA,NA,NA,1,0.4368692733500009,0.7273800625000001,NA,1,NA,NA,2
3691,5,12-JUL-24 02.31.24.651249000 AM,NA,NA,1,NA,NA,NA,1,NA,NA,1,NA,NA,NA,1,2.9975671734720097,3.6374542499999998,NA,0.5328,0.4672,-5.551115123125783e-17,2
3691,6,12-JUL-24 02.31.24.716273000 AM,NA,NA,1,NA,NA,NA,1,NA,NA,1,NA,NA,NA,1,0.43727416481999953,0.7253634375000001,NA,1,NA,NA,2
3691,9,12-JUL-24 02.31.24.905756000 AM,NA,NA,1,NA,NA,NA,1,NA,NA,1,NA,NA,NA,1,0.4379422972799986,0.7190387625000001,NA,1,NA,NA,2
3691,12,12-JUL-24 02.31.24.971877000 AM,NA,NA,1,NA,NA,NA,1,NA,NA,1,NA,NA,NA,1,4.498783606248,5.38739675,NA,0.0446,0.8792000000000001,0.0762000000000001,3
3691,13,12-JUL-24 02.31.25.047184000 AM,NA,NA,1,NA,NA,NA,1,NA,NA,1,NA,NA,NA,1,4.49928788432001,5.39050599,NA,0.048400000000000006,0.8812000000000001,0.0704,3
3691,14,12-JUL-24 02.31.25.123344000 AM,NA,NA,1,NA,NA,NA,1,NA,NA,1,NA,NA,NA,1,4.500894225271989,5.402497449999999,NA,0.046400000000000004,0.878,0.0756,3
3691,15,12-JUL-24 02.31.25.191067000 AM,NA,NA,1,NA,NA,NA,1,NA,NA,1,NA,NA,NA,1,1.497941166008,2.37276975,NA,0.9610000000000001,0.039,3.4694469519536136e-17,2
3711,10,12-JUL-24 02.32.13.448242000 AM,NA,NA,1,NA,NA,NA,1,NA,NA,1,NA,NA,NA,1,2.00141557127199,3.18262899,NA,0.757,0.24300000000000002,NA,2
3771,20,12-JUL-24 02.30.10.944264000 AM,NA,NA,1,NA,NA,NA,1,NA,NA,1,NA,NA,NA,1,1.499904101856,2.36217475,NA,0.9614,0.0386,-3.4694469519536136e-17,2
3773,2,12-JUL-24 02.31.43.715387000 AM,NA,NA,1,NA,NA,NA,1,NA,NA,1,NA,NA,NA,1,0.43715846289999993,0.7270722625,NA,1,NA,NA,2
3773,26,12-JUL-24 02.31.45.479921000 AM,NA,NA,1,NA,NA,NA,1,NA,NA,1,NA,NA,NA,1,0.9977669287119988,1.55948199,NA,1,NA,NA,2
3773,33,12-JUL-24 02.31.45.995163000 AM,NA,NA,1,NA,NA,NA,1,NA,NA,1,NA,NA,NA,1,0.4365809780200005,0.7145782875,NA,1,NA,NA,2
3793,3,12-JUL-24 02.31.25.282457000 AM,3,3,NA,1,NA,NA,2,3,3,NA,1,NA,NA,2,4.50273958894399,5.4186336299999995,NA,0.052000000000000005,0.8686,0.0793999999999999,3
3831,5,12-JUL-24 02.31.46.448154000 AM,6000,6600,NA,1,NA,NA,2,72,79,NA,NA,1,NA,3,1.4999619161439999,2.38645125,NA,0.9618000000000001,0.038200000000000005,1.3877787807814449e-17,2
3831,7,12-JUL-24 02.31.46.598962000 AM,190000,196002,NA,NA,NA,1,4,523,539,NA,NA,NA,1,4,7.124654634808009,8.548586375000001,NA,NA,0.2644,0.7356,4
3831,8,12-JUL-24 02.31.46.671316000 AM,120000,132004,NA,NA,1,NA,3,330,363,NA,NA,NA,1,4,1.5002826701519998,2.38417947,NA,0.9636,0.0364,-1.3877787807814449e-17,2
3913,5,12-JUL-24 02.32.17.851145000 AM,14387518,22837830,NA,0.0032,0.0022,0.9946,4,109,174,NA,0.28400000000000003,0.27840000000000004,0.43760000000000004,3,4.49993608945601,5.403140909999999,NA,0.046,0.8808,0.0731999999999999,3
3913,7,12-JUL-24 02.32.18.048012000 AM,28007,35154,NA,1,NA,NA,2,72,114,NA,0.4264,0.4258,0.14780000000000001,3,1.9997940913999999,3.18793317,NA,0.7518,0.2482,-2.7755575615628907e-17,2
3913,8,12-JUL-24 02.32.18.135211000 AM,1500571,2374929,NA,0.0298,0.020200000000000003,0.9500000000000001,4,54,86,NA,0.5688,0.4298,0.001400000000000012,2,1.49973072895201,2.39197205,NA,0.9640000000000001,0.036000000000000004,3.4694469519536136e-17,2
3913,9,12-JUL-24 02.32.18.210142000 AM,9998,15579,NA,1,NA,NA,2,24,38,NA,1,NA,NA,2,0.9984985528239971,1.56066275,NA,1,NA,NA,2
3913,10,12-JUL-24 02.32.18.294267000 AM,10003,15759,NA,1,NA,NA,2,18,28,NA,1,NA,NA,2,0.9994754554160041,1.5616328099999999,NA,1,NA,NA,2
3913,11,12-JUL-24 02.32.18.373886000 AM,10396,17070,NA,1,NA,NA,2,10,17,NA,1,NA,NA,2,0.4372962442399994,0.7167439124999999,NA,1,NA,NA,2
3913,12,12-JUL-24 02.32.18.455846000 AM,5263,8676,NA,1,NA,NA,2,10,17,NA,1,NA,NA,2,0.4394496719599995,0.7317409125000001,NA,1,NA,NA,2
3913,14,12-JUL-24 02.32.18.597243000 AM,4385,7318,NA,1,NA,NA,2,8,13,NA,1,NA,NA,2,0.4375773105199996,0.7237511875000001,NA,1,NA,NA,2
3913,15,12-JUL-24 02.32.18.673877000 AM,5997,9435,NA,1,NA,NA,2,18,28,NA,1,NA,NA,2,1.001608151488,1.5712948899999999,NA,1,NA,NA,2
3913,16,12-JUL-24 02.32.18.763431000 AM,6001,9351,NA,1,NA,NA,2,18,28,NA,1,NA,NA,2,1.0002779631519998,1.57180383,NA,1,NA,NA,2
3913,17,12-JUL-24 02.32.18.840034000 AM,19996,31537,NA,1,NA,NA,2,36,56,NA,0.8538,0.1462,NA,2,0.997693912119999,1.56716743,NA,1,NA,NA,2
3913,18,12-JUL-24 02.32.18.914102000 AM,4346,7151,NA,1,NA,NA,2,13,22,NA,1,NA,NA,2,0.4359651134100005,0.7217359375000001,NA,1,NA,NA,2
3913,19,12-JUL-24 02.32.18.986239000 AM,79917,127042,NA,0.5668000000000001,0.367,0.0662,2,72,115,NA,0.4212,0.4318,0.1469999999999999,3,5.999278646103999,7.159764389999999,NA,NA,0.5114000000000001,0.48860000000000003,3
3913,20,12-JUL-24 02.32.19.061001000 AM,1650257,2443534,NA,NA,NA,1,4,54,86,NA,0.5764,0.4224,0.001199999999999978,2,4.49940869643999,5.38744745,NA,0.044000000000000004,0.8772000000000001,0.0788,3
3913,22,12-JUL-24 02.32.19.201199000 AM,3497,5066,NA,NA,NA,1,4,8,11,NA,1,NA,NA,2,0.43845080275000003,0.7254329375000002,NA,1,NA,NA,2
3913,23,12-JUL-24 02.32.19.274910000 AM,109355,163252,NA,NA,NA,1,4,47,67,NA,0.372,0.4974,0.1306,3,1.3132700099799999,1.8693074625,NA,1,NA,NA,2
3914,1,12-JUL-24 02.30.11.257623000 AM,29986,41017,NA,1,NA,NA,2,27,37,NA,0.994,0.006,5.20417042793042e-18,2,1.500591247184,2.38822047,NA,0.9594,0.040600000000000004,-2.7755575615628907e-17,2
3914,3,12-JUL-24 02.30.11.407553000 AM,93354,116026,NA,NA,NA,1,4,145,199,NA,NA,2e-4,0.9998,4,1.997698518856,3.16706427,NA,0.7552,0.24480000000000002,2.7755575615628907e-17,2
3914,4,12-JUL-24 02.30.11.482704000 AM,300194,367490,NA,NA,NA,1,4,219,267,NA,NA,NA,1,4,3.00031123628,3.6542448299999997,NA,0.5294,0.4706,NA,3
3914,5,12-JUL-24 02.30.11.562265000 AM,1749,2867,NA,NA,NA,1,4,2,3,NA,1,NA,NA,2,0.4373103769500003,0.7345722375000001,NA,1,NA,NA,2
3932,1,12-JUL-24 02.30.17.006943000 AM,0,0,NA,NA,NA,1,4,0,0,NA,NA,NA,1,4,0.062215761496,0.1090340975,NA,1,NA,NA,2
3932,2,12-JUL-24 02.30.17.074041000 AM,NA,NA,1,NA,NA,NA,1,NA,NA,1,NA,NA,NA,1,0.0619226492539999,0.1088212125,NA,1,NA,NA,2
3971,2,12-JUL-24 02.32.58.666653000 AM,711,1120,NA,NA,NA,1,4,7,11,NA,1,NA,NA,2,0.187348400918,0.2905324475,NA,1,NA,NA,2
3971,6,12-JUL-24 02.32.58.809732000 AM,1763,2754,NA,NA,NA,1,4,5,7,NA,1,NA,NA,2,1.3109133072399999,1.8601434374999999,NA,1,NA,NA,2
3971,9,12-JUL-24 02.32.58.969594000 AM,4353,7479,NA,NA,NA,1,4,1,1,NA,1,NA,NA,2,0.0626666179660001,0.1101964375,NA,1,NA,NA,2
3971,10,12-JUL-24 02.32.59.056499000 AM,818,1213,NA,NA,NA,1,4,5,8,NA,1,NA,NA,2,0.43899008529,0.7248763125000001,NA,1,NA,NA,2
3993,1,12-JUL-24 02.32.44.952371000 AM,12031,16773,NA,1,NA,NA,2,24,28,NA,0.9166000000000001,0.0834,2.7755575615628907e-17,2,-0.997840472656001,-0.39499755000000003,1,NA,NA,NA,1
3993,2,12-JUL-24 02.32.45.021582000 AM,4000,4300,NA,1,NA,NA,2,72,77,NA,NA,NA,1,4,-5.9980705723759895,-4.7682486299999995,1,NA,NA,NA,1
4012,2,12-JUL-24 02.32.45.597133000 AM,17544,24954,NA,1,NA,NA,2,33,48,NA,0.8898,0.1102,-4.1633363423443364e-17,2,0.4352944771699996,0.7192121625000001,NA,1,NA,NA,2
4012,6,12-JUL-24 02.32.45.949272000 AM,79991,95689,NA,0.7126,0.2874,NA,2,91,109,NA,0.0222,0.7894,0.1884,3,5.998486974024,7.15356341,NA,NA,0.5102,0.4898,3
4031,13,12-JUL-24 02.31.16.726906000 AM,875,1250,NA,1,NA,NA,2,16,23,NA,1,NA,NA,2,0.4376090393600001,0.7298259375000001,NA,1,NA,NA,2
4053,28,12-JUL-24 02.30.55.803001000 AM,520000,559013,NA,NA,NA,1,4,216,232,NA,NA,NA,1,4,6.00040167477599,7.19180889,NA,NA,0.5148,0.4851999999999999,4
4071,2,12-JUL-24 02.33.00.714560000 AM,NA,NA,1,NA,NA,NA,1,85,88,NA,NA,1,NA,3,2.3751445527999895,3.792792465,NA,0.6318,0.3682,-5.551115123125783e-17,2
4071,3,12-JUL-24 02.33.00.796527000 AM,16000,17200,NA,1,NA,NA,2,72,77,NA,0.1612,0.8388,NA,3,2.0003061314079997,3.2009251499999998,NA,0.7558,0.2442,-2.7755575615628907e-17,2
4071,4,12-JUL-24 02.33.00.881967000 AM,NA,NA,1,NA,NA,NA,1,72,77,NA,0.1612,0.8388,NA,3,2.001274921144,3.17156145,NA,0.7582,0.24180000000000001,2.7755575615628907e-17,2
4071,5,12-JUL-24 02.33.00.976395000 AM,47500,49001,NA,1,NA,NA,2,114,118,NA,NA,1,NA,3,2.37564928046001,3.7876428750000004,NA,0.632,0.368,NA,2
4071,6,12-JUL-24 02.33.01.069414000 AM,60000,66002,NA,1,NA,NA,2,72,79,NA,0.24580000000000002,0.7542,NA,3,-1.49932914748,-0.5970264499999995,1,NA,NA,NA,1
4071,7,12-JUL-24 02.33.01.186511000 AM,NA,NA,1,NA,NA,NA,1,192,206,NA,NA,NA,1,4,2.0012248459840003,3.1846127500000003,NA,0.7516,0.2484,-5.551115123125783e-17,2
4071,8,12-JUL-24 02.33.01.289027000 AM,NA,NA,1,NA,NA,NA,1,NA,NA,1,NA,NA,NA,1,1.999226371696,3.18820599,NA,0.7536,0.2464,-5.551115123125783e-17,2
4071,9,12-JUL-24 02.33.01.380676000 AM,NA,NA,1,NA,NA,NA,1,NA,NA,1,NA,NA,NA,1,2.374831141672,3.800163915,NA,0.6326,0.3674,-5.551115123125783e-17,2
4071,10,12-JUL-24 02.33.01.476518000 AM,NA,NA,1,NA,NA,NA,1,24,26,NA,1,NA,NA,2,-2.001184224096,-0.7978231499999999,1,NA,NA,NA,1
4071,12,12-JUL-24 02.33.01.560997000 AM,NA,NA,1,NA,NA,NA,1,24,26,NA,1,NA,NA,2,-2.001775773616,-0.7934384899999997,1,NA,NA,NA,1
4071,13,12-JUL-24 02.33.01.641504000 AM,NA,NA,1,NA,NA,NA,1,NA,NA,1,NA,NA,NA,1,-1.000736509344,-0.3921984099999999,1,NA,NA,NA,1
4071,14,12-JUL-24 02.33.01.728572000 AM,NA,NA,1,NA,NA,NA,1,29,29,NA,1,NA,NA,2,2.37560550154401,3.792410025,NA,0.6316,0.3684,-5.551115123125783e-17,2
4071,15,12-JUL-24 02.33.01.814443000 AM,NA,NA,1,NA,NA,NA,1,NA,NA,1,NA,NA,NA,1,1.5008270853599999,2.38464583,NA,0.9616,0.038400000000000004,-6.93889390390723e-18,2
4071,16,12-JUL-24 02.33.01.892866000 AM,NA,NA,1,NA,NA,NA,1,NA,NA,1,NA,NA,NA,1,1.9968076826160002,3.18161013,NA,0.7552,0.24480000000000002,2.7755575615628907e-17,2
4071,17,12-JUL-24 02.33.01.976721000 AM,NA,NA,1,NA,NA,NA,1,NA,NA,1,NA,NA,NA,1,1.500364462272,2.37525905,NA,0.9620000000000001,0.038,3.4694469519536136e-17,2
4071,18,12-JUL-24 02.33.02.084884000 AM,38000,39200,NA,1,NA,NA,2,57,59,NA,1,NA,NA,2,2.374605733636,3.773502975,NA,0.6302,0.3698,NA,2
4071,19,12-JUL-24 02.33.02.169364000 AM,38000,39200,NA,1,NA,NA,2,171,176,NA,NA,NA,1,4,2.3756910096039996,3.811423515,NA,0.633,0.367,NA,2
4071,20,12-JUL-24 02.33.02.259274000 AM,NA,NA,1,NA,NA,NA,1,NA,NA,1,NA,NA,NA,1,1.99987311514401,3.1672223099999997,NA,0.758,0.24200000000000002,NA,2
4071,21,12-JUL-24 02.33.02.341835000 AM,NA,NA,1,NA,NA,NA,1,NA,NA,1,NA,NA,NA,1,2.375247342104,3.799879065,NA,0.6328,0.3672,-5.551115123125783e-17,2
4071,22,12-JUL-24 02.33.02.432031000 AM,9500,9800,NA,1,NA,NA,2,NA,NA,1,NA,NA,NA,1,2.375603430832,3.8000899049999997,NA,0.6324000000000001,0.36760000000000004,5.551115123125783e-17,2
4071,23,12-JUL-24 02.33.02.512000000 AM,80000,86002,NA,1,NA,NA,2,72,77,NA,0.1612,0.8388,NA,3,2.0010524479360003,3.17440205,NA,0.7536,0.2464,-5.551115123125783e-17,2
4071,24,12-JUL-24 02.33.02.597814000 AM,NA,NA,1,NA,NA,NA,1,NA,NA,1,NA,NA,NA,1,2.376024623856,3.801747565,NA,0.631,0.369,NA,2
4071,26,12-JUL-24 02.33.02.773134000 AM,48000,52802,NA,1,NA,NA,2,144,158,NA,NA,0.24580000000000002,0.7542,4,1.5014721616239999,2.38355691,NA,0.9584,0.041600000000000005,-2.7755575615628907e-17,2
4071,27,12-JUL-24 02.33.02.857096000 AM,76000,78401,NA,1,NA,NA,2,171,176,NA,NA,NA,1,4,2.37567436789599,3.7960344449999996,NA,0.6326,0.3674,-5.551115123125783e-17,2
4071,28,12-JUL-24 02.33.02.933582000 AM,NA,NA,1,NA,NA,NA,1,NA,NA,1,NA,NA,NA,1,2.375367295548,3.803885325,NA,0.6332,0.3668,NA,2
4071,29,12-JUL-24 02.33.03.020451000 AM,NA,NA,1,NA,NA,NA,1,NA,NA,1,NA,NA,NA,1,2.375100295172,3.7912348249999996,NA,0.6322,0.3678,NA,2
4071,30,12-JUL-24 02.33.03.107154000 AM,NA,NA,1,NA,NA,NA,1,NA,NA,1,NA,NA,NA,1,1.50123945616,2.38275675,NA,0.96,0.04,3.4694469519536136e-17,2
4071,31,12-JUL-24 02.33.03.191270000 AM,NA,NA,1,NA,NA,NA,1,NA,NA,1,NA,NA,NA,1,2.374367525204,3.8052152250000004,NA,0.6326,0.3674,-5.551115123125783e-17,2
4071,32,12-JUL-24 02.33.03.271566000 AM,NA,NA,1,NA,NA,NA,1,NA,NA,1,NA,NA,NA,1,1.99994978344,3.19099167,NA,0.7508,0.2492,-2.7755575615628907e-17,2
4071,33,12-JUL-24 02.33.03.355897000 AM,47500,49001,NA,1,NA,NA,2,171,176,NA,NA,NA,1,4,2.375272443588,3.7938563249999997,NA,0.6322,0.3678,NA,2
4071,34,12-JUL-24 02.33.03.456259000 AM,24000,25801,NA,1,NA,NA,2,72,77,NA,0.1612,0.8388,NA,3,2.000588396416,3.17700013,NA,0.7562,0.24380000000000002,2.7755575615628907e-17,2
4071,35,12-JUL-24 02.33.03.547633000 AM,28500,29400,NA,1,NA,NA,2,85,88,NA,NA,1,NA,3,2.374838826772,3.805937135,NA,0.6314000000000001,0.36860000000000004,5.551115123125783e-17,2
4071,36,12-JUL-24 02.33.03.657286000 AM,NA,NA,1,NA,NA,NA,1,NA,NA,1,NA,NA,NA,1,1.498111615872,2.36676295,NA,0.9620000000000001,0.038,3.4694469519536136e-17,2
4071,37,12-JUL-24 02.33.03.745210000 AM,NA,NA,1,NA,NA,NA,1,NA,NA,1,NA,NA,NA,1,1.49928761652,2.37326969,NA,0.9636,0.0364,-1.3877787807814449e-17,2
4071,38,12-JUL-24 02.33.03.829244000 AM,NA,NA,1,NA,NA,NA,1,NA,NA,1,NA,NA,NA,1,2.374943183892,3.816635235,NA,0.6318,0.3682,-5.551115123125783e-17,2
4071,39,12-JUL-24 02.33.03.920886000 AM,NA,NA,1,NA,NA,NA,1,NA,NA,1,NA,NA,NA,1,1.002769087688,1.57947119,NA,1,NA,NA,2
4071,40,12-JUL-24 02.33.04.008082000 AM,NA,NA,1,NA,NA,NA,1,NA,NA,1,NA,NA,NA,1,1.000607096416,1.57316751,NA,1,NA,NA,2
4071,43,12-JUL-24 02.33.04.264221000 AM,NA,NA,1,NA,NA,NA,1,NA,NA,1,NA,NA,NA,1,1.0005997944159999,1.56900359,NA,1,NA,NA,2
4071,44,12-JUL-24 02.33.04.354892000 AM,19000,19600,NA,1,NA,NA,2,29,29,NA,1,NA,NA,2,2.3737170689,3.786663865,NA,0.6346,0.3654,-5.551115123125783e-17,2
4072,7,12-JUL-24 02.30.17.853518000 AM,0,0,NA,1,NA,NA,2,0,0,NA,1,NA,NA,2,1.000012398464,1.57000903,NA,1,NA,NA,2
4072,48,12-JUL-24 02.30.21.973096000 AM,-326798,783227,1,0.4198,NA,NA,1,NA,NA,1,NA,NA,NA,1,4.499213860376,5.38293327,NA,0.046400000000000004,0.8798,0.07379999999999999,3
4162,20,12-JUL-24 02.30.49.563566000 AM,0,0,NA,1,NA,NA,2,0,0,NA,1,NA,NA,2,1.0020171495599999,1.58028619,NA,1,NA,NA,2
4166,6,12-JUL-24 02.31.56.314214000 AM,20478879,32127070,NA,0.07740000000000001,0.0504,0.8722000000000001,4,193,305,NA,0.12940000000000002,0.127,0.7436,4,0.9991790794799993,1.56166325,NA,1,NA,NA,2
4166,7,12-JUL-24 02.31.56.413117000 AM,27314632,45173309,NA,0.0734,0.0476,0.879,4,355,498,NA,0.010400000000000001,0.031,0.9586,4,1.9989436685759998,3.1763335900000005,NA,0.7526,0.2474,-5.551115123125783e-17,2
4166,28,12-JUL-24 02.31.57.950160000 AM,64000000,68801600,NA,NA,NA,1,4,292,314,NA,NA,1,NA,3,2.00160668776,3.19195615,NA,0.7514000000000001,0.24860000000000002,5.551115123125783e-17,2
4166,43,12-JUL-24 02.31.59.066414000 AM,120000000,132004000,NA,NA,NA,1,4,110,121,NA,NA,0.1394,0.8606,4,4.499968599352,5.39645505,NA,0.0454,0.8774000000000001,0.0772000000000001,3
4166,44,12-JUL-24 02.31.59.164656000 AM,1750000,2500250,NA,1,NA,NA,2,64,91,NA,1,NA,NA,2,0.4396916151800004,0.7280035125000001,NA,1,NA,NA,2
4166,45,12-JUL-24 02.31.59.253906000 AM,30000000,33001000,NA,0.0112,0.9888,NA,3,110,121,NA,1,NA,NA,2,1.498955639968,2.36475085,NA,0.9636,0.0364,-1.3877787807814449e-17,2
4166,53,12-JUL-24 02.31.59.859607000 AM,16000000,17200400,NA,1,NA,NA,2,584,628,NA,NA,NA,1,4,5.99993588252,7.16126175,NA,NA,0.5022,0.4978,3
4166,54,12-JUL-24 02.31.59.948965000 AM,6000000,6600200,NA,NA,0.0558,0.9442,4,219,241,NA,NA,NA,1,4,1.500710362824,2.37278395,NA,0.9640000000000001,0.036000000000000004,3.4694469519536136e-17,2
4166,55,12-JUL-24 02.32.00.126340000 AM,175000,250025,NA,1,NA,NA,2,64,91,NA,1,NA,NA,2,0.43612944414000043,0.7176339875000002,NA,1,NA,NA,2
4166,56,12-JUL-24 02.32.00.255789000 AM,6000000,6600200,NA,1,NA,NA,2,219,241,NA,0.4636,0.5364,NA,3,1.5010030428399999,2.37517319,NA,0.9622,0.0378,-5.551115123125783e-17,2
4166,57,12-JUL-24 02.32.00.355093000 AM,8000000,8600200,NA,1,NA,NA,2,876,942,NA,NA,NA,1,4,6.000821118216009,7.16623245,NA,NA,0.5068,0.4931999999999999,4
4166,60,12-JUL-24 02.32.00.445211000 AM,400000,460020,NA,1,NA,NA,2,146,168,NA,1,NA,NA,2,0.9996195261360011,1.56803679,NA,1,NA,NA,2
4166,61,12-JUL-24 02.32.00.534918000 AM,16000000,17200400,NA,1,NA,NA,2,584,628,NA,NA,NA,1,4,6.0000170337439895,7.194088229999999,NA,NA,0.5122,0.4878,4
4166,62,12-JUL-24 02.32.00.622440000 AM,4000000,4300100,NA,1,NA,NA,2,292,314,NA,NA,1,NA,3,2.000175973472,3.18541203,NA,0.754,0.24600000000000002,NA,2
4172,1,12-JUL-24 02.32.41.562815000 AM,0,0,NA,NA,NA,1,4,0,0,NA,1,NA,NA,2,1.3099623209899998,1.8450903125,NA,1,NA,NA,2
4172,4,12-JUL-24 02.32.41.817339000 AM,1,1,NA,1,NA,NA,2,1,1,NA,1,NA,NA,2,1.50071800088,2.3910212499999997,NA,0.9626,0.0374,-1.3877787807814449e-17,2
4172,5,12-JUL-24 02.32.41.903861000 AM,0,0,NA,NA,NA,1,4,0,0,NA,1,NA,NA,2,0.9992313617840013,1.56370775,NA,1,NA,NA,2
4172,11,12-JUL-24 02.32.42.375989000 AM,0,0,NA,NA,NA,1,4,0,0,NA,1,NA,NA,2,1.0005718924959999,1.56546611,NA,1,NA,NA,2
4172,12,12-JUL-24 02.32.42.456610000 AM,1,1,NA,1,NA,NA,2,1,1,NA,1,NA,NA,2,1.5015752234239998,2.38387055,NA,0.9624,0.0376,-3.4694469519536136e-17,2
4172,17,12-JUL-24 02.32.42.883618000 AM,40000,46002,NA,NA,0.2,0.8,4,36,41,NA,1,NA,NA,2,0.9994783492239976,1.56840393,NA,1,NA,NA,2
4172,18,12-JUL-24 02.32.42.969859000 AM,1,1,NA,1,NA,NA,2,6,7,NA,1,NA,NA,2,1.5005978842799998,2.38104987,NA,0.9618000000000001,0.038200000000000005,1.3877787807814449e-17,2
4172,19,12-JUL-24 02.32.43.076223000 AM,1,1,NA,1,NA,NA,2,1,1,NA,1,NA,NA,2,2.00016613771199,3.1758037499999996,NA,0.7538,0.2462,-2.7755575615628907e-17,2
4172,20,12-JUL-24 02.32.43.156407000 AM,0,0,NA,1,NA,NA,2,0,0,NA,1,NA,NA,2,1.001388641216,1.5742275899999998,NA,1,NA,NA,2
4172,24,12-JUL-24 02.32.43.444369000 AM,1,1,NA,1,NA,NA,2,1,1,NA,1,NA,NA,2,1.502266502672,2.38104993,NA,0.9596,0.040400000000000005,-6.93889390390723e-18,2
4191,2,12-JUL-24 02.30.51.554338000 AM,1425000,1470015,NA,1,NA,NA,2,1734,1789,NA,NA,NA,1,4,7.124901070287979,8.559970625,NA,NA,0.26380000000000003,0.7362000000000001,4
4191,3,12-JUL-24 02.30.51.618067000 AM,225204800,242100790,NA,NA,NA,1,4,1460,1570,NA,NA,NA,1,4,6.001339066296009,7.19474919,NA,NA,0.5094000000000001,0.49060000000000004,4
4191,4,12-JUL-24 02.30.51.692684000 AM,1200000,1290030,NA,1,NA,NA,2,1460,1570,NA,NA,NA,1,4,6.000664723511989,7.19488599,NA,NA,0.5066,0.4933999999999999,4
4231,1,12-JUL-24 02.30.16.793342000 AM,NA,NA,NA,NA,NA,NA,NA,154,192,NA,NA,0.307,0.6930000000000002,4,NA,NA,NA,NA,NA,NA,NA
4231,2,12-JUL-24 02.30.16.856579000 AM,962,1509,NA,1,NA,NA,2,9,14,NA,1,NA,NA,2,NA,NA,NA,NA,NA,NA,NA
4231,3,12-JUL-24 02.30.16.923124000 AM,7600,11471,NA,1,NA,NA,2,18,25,NA,1,NA,NA,2,1.3109810282899999,1.8484877375,NA,1,NA,NA,2
4234,2,12-JUL-24 02.30.51.845137000 AM,NA,NA,1,NA,NA,NA,1,72,77,NA,NA,1,NA,3,1.998824841624,3.18416967,NA,0.7534000000000001,0.2466,2.7755575615628907e-17,2
4234,4,12-JUL-24 02.30.51.998769000 AM,16800,18481,NA,1,NA,NA,2,NA,NA,NA,NA,NA,NA,NA,1.500166229632,2.37343579,NA,0.9606,0.039400000000000004,-6.93889390390723e-18,2
4234,5,12-JUL-24 02.30.52.073141000 AM,12000,13200,NA,1,NA,NA,2,NA,NA,NA,NA,NA,NA,NA,1.5007694283200002,2.37227307,NA,0.9616,0.038400000000000004,-6.93889390390723e-18,2
4234,6,12-JUL-24 02.30.52.135141000 AM,4000,4600,NA,NA,NA,1,4,NA,NA,1,NA,NA,NA,1,0.9983918727679987,1.57244247,NA,1,NA,NA,2
4234,7,12-JUL-24 02.30.52.214308000 AM,19000,19600,NA,NA,NA,1,4,85,88,NA,NA,1,NA,3,2.3748029564360102,3.786222105,NA,0.6332,0.3668,NA,2
4234,17,12-JUL-24 02.30.52.873496000 AM,4750,4900,NA,1,NA,NA,2,143,147,NA,NA,NA,1,4,NA,NA,NA,NA,NA,NA,NA
4234,20,12-JUL-24 02.30.53.092103000 AM,24000,30070,NA,1,NA,NA,2,108,119,NA,NA,0.5444,0.4556,3,1.4996222586,2.38092789,NA,0.9606,0.039400000000000004,-6.93889390390723e-18,2
4234,23,12-JUL-24 02.30.53.241252000 AM,2625,3750,NA,1,NA,NA,2,4,6,NA,1,NA,NA,2,NA,NA,NA,NA,NA,NA,NA
4234,24,12-JUL-24 02.30.53.317491000 AM,150000,165005,NA,NA,0.5,0.5,3,12,13,NA,1,NA,NA,2,4.4987798779359895,5.37914013,NA,0.0478,0.8778,0.07440000000000001,3
4234,26,12-JUL-24 02.30.53.396627000 AM,60000,69003,NA,1,NA,NA,2,16,18,NA,1,NA,NA,2,1.001180389592,1.57224945,NA,1,NA,NA,2
4235,1,12-JUL-24 02.32.28.853354000 AM,23998,32216,NA,0.6544,0.329,0.0166,2,56,71,NA,0.28900000000000003,0.6882,0.0228,3,1.499714303376,2.37341671,NA,0.9628000000000001,0.037200000000000004,1.3877787807814449e-17,2
4273,11,12-JUL-24 02.32.56.998862000 AM,436042,715857,NA,0.0966,0.0714,0.8320000000000001,4,18,30,NA,1,NA,NA,2,0.4373279019199988,0.7252213375000001,NA,1,NA,NA,2
4274,10,12-JUL-24 02.32.57.927086000 AM,45331,57469,NA,1,NA,NA,2,218,261,NA,NA,0.3728,0.6272,4,6.000953650367999,7.17196885,NA,NA,0.5078,0.4921999999999999,4
4274,13,12-JUL-24 02.32.58.150453000 AM,209977,262320,NA,1,NA,NA,2,219,241,NA,NA,0.215,0.785,4,1.501110884648,2.37398097,NA,0.9618000000000001,0.038200000000000005,1.3877787807814449e-17,2
4274,14,12-JUL-24 02.32.58.221313000 AM,600186,773605,NA,1,NA,NA,2,219,241,NA,NA,0.0028,0.9972000000000001,4,1.502166187736,2.37454657,NA,0.9604,0.0396,-3.4694469519536136e-17,2
4277,8,12-JUL-24 02.32.19.800266000 AM,0,0,NA,NA,NA,1,4,0,0,NA,NA,NA,1,4,0.4372637201700007,0.7165802625000002,NA,1,NA,NA,2
4277,9,12-JUL-24 02.32.19.879136000 AM,1,1,NA,NA,NA,1,4,1,1,NA,NA,NA,1,4,1.502419210336,2.37488179,NA,0.9590000000000001,0.041,3.4694469519536136e-17,2
4277,31,12-JUL-24 02.32.21.640700000 AM,0,0,NA,NA,NA,1,4,0,0,NA,NA,NA,1,4,3.001022143456,3.65736451,NA,0.5404,0.4596,NA,3
4277,32,12-JUL-24 02.32.21.719705000 AM,1,1,NA,NA,NA,1,4,1,1,NA,NA,NA,1,4,4.49801064592,5.38251735,NA,0.045200000000000004,0.8794000000000001,0.0754,3
4277,37,12-JUL-24 02.32.22.039835000 AM,1,1,NA,NA,NA,1,4,1,1,NA,NA,NA,1,4,1.4982118789599999,2.38036575,NA,0.9662000000000001,0.033800000000000004,5.551115123125783e-17,2
4277,38,12-JUL-24 02.32.22.127276000 AM,1,1,NA,NA,NA,1,4,1,1,NA,NA,NA,1,4,2.376061545404,3.802832495,NA,0.6314000000000001,0.36860000000000004,5.551115123125783e-17,2
4277,40,12-JUL-24 02.32.22.298136000 AM,0,0,NA,NA,NA,1,4,0,0,NA,NA,NA,1,4,3.0007572851199997,3.67248287,NA,0.5376000000000001,0.46240000000000003,5.551115123125783e-17,3
4277,41,12-JUL-24 02.32.22.394069000 AM,1,1,NA,NA,NA,1,4,1,1,NA,NA,NA,1,4,2.00010023676,3.18213259,NA,0.7548,0.2452,-2.7755575615628907e-17,2
4293,2,12-JUL-24 02.30.46.539636000 AM,32000,34401,NA,1,NA,NA,2,32,34,NA,1,NA,NA,2,-6.001760352048,-4.77639105,1,NA,NA,NA,1
4293,3,12-JUL-24 02.30.46.623129000 AM,21000,23101,NA,1,NA,NA,2,NA,NA,NA,NA,NA,NA,NA,1.5015437684400001,2.38645187,NA,0.9612,0.0388,-5.551115123125783e-17,2
4293,4,12-JUL-24 02.30.46.699341000 AM,4000,4600,NA,1,NA,NA,2,36,41,NA,1,NA,NA,2,0.9992413064399976,1.57841801,NA,1,NA,NA,2
4293,12,12-JUL-24 02.30.47.275525000 AM,20000,21501,NA,1,NA,NA,2,12,13,NA,1,NA,NA,2,2.000870853616,3.20603493,NA,0.7518,0.2482,-2.7755575615628907e-17,2
4293,13,12-JUL-24 02.30.47.360987000 AM,30000,34502,NA,1,NA,NA,2,36,41,NA,1,NA,NA,2,0.9996355343520007,1.56343761,NA,1,NA,NA,2
4311,1,12-JUL-24 02.32.54.390054000 AM,NA,NA,NA,NA,NA,NA,NA,109,130,NA,0.10360000000000001,0.859,0.037399999999999996,3,1.500759771384,2.3626176699999997,NA,0.9604,0.0396,-3.4694469519536136e-17,2
4311,4,12-JUL-24 02.32.54.539024000 AM,18007578,24828857,NA,1,NA,NA,2,109,129,NA,1,NA,NA,2,3.000047019672,3.66043755,NA,0.5236000000000001,0.47640000000000005,5.551115123125783e-17,3
4314,1,12-JUL-24 02.32.23.087641000 AM,NA,NA,NA,NA,NA,NA,NA,NA,NA,NA,NA,NA,NA,NA,0.43925135384999936,0.7281963875000002,NA,1,NA,NA,2
4314,15,12-JUL-24 02.32.24.125475000 AM,40000,46002,NA,1,NA,NA,2,146,168,NA,NA,0.5028,0.49720000000000003,3,2.99817310125599,3.63159729,NA,0.534,0.466,-5.551115123125783e-17,2
4331,1,12-JUL-24 02.31.26.230770000 AM,10766642,17770865,NA,1,NA,NA,2,24,39,NA,1,NA,NA,2,NA,NA,NA,NA,NA,NA,NA
4331,36,12-JUL-24 02.31.29.204656000 AM,NA,NA,NA,NA,NA,NA,NA,NA,NA,NA,NA,NA,NA,NA,NA,NA,NA,NA,NA,NA,NA
4332,1,12-JUL-24 02.30.11.923964000 AM,1,1,NA,1,NA,NA,2,1,1,NA,1,NA,NA,2,4.501812374896,5.41715067,NA,0.048400000000000006,0.8732000000000001,0.0784,3
4351,2,12-JUL-24 02.31.31.628111000 AM,NA,NA,1,NA,NA,NA,1,64,91,NA,0.5528000000000001,0.44720000000000004,5.551115123125783e-17,2,1.31134965849,1.8468630375000001,NA,1,NA,NA,2
4351,3,12-JUL-24 02.31.31.713969000 AM,7200000,7740180,NA,NA,NA,1,4,292,314,NA,NA,NA,1,4,5.998066591728,7.18158599,NA,NA,0.5056,0.4943999999999999,3
4351,4,12-JUL-24 02.31.31.791372000 AM,150000,165005,NA,1,NA,NA,2,4,5,NA,1,NA,NA,2,4.49872462506402,5.38342077,NA,0.048,0.8798,0.0721999999999999,3
4351,5,12-JUL-24 02.31.31.871785000 AM,720000,828036,NA,1,NA,NA,2,60,69,NA,0.79,0.21,-2.7755575615628907e-17,2,-2.99931654525599,-2.33193555,1,NA,NA,NA,1
4351,6,12-JUL-24 02.31.31.942331000 AM,NA,NA,1,NA,NA,NA,1,36,40,NA,1,NA,NA,2,1.5006275751759999,2.37141555,NA,0.9616,0.038400000000000004,-6.93889390390723e-18,2
4375,16,12-JUL-24 02.32.34.458033000 AM,399968,549230,NA,0.3462,0.455,0.19879999999999992,3,292,314,NA,NA,NA,1,4,2.000349361128,3.19064425,NA,0.7558,0.2442,-2.7755575615628907e-17,2
4431,1,12-JUL-24 02.31.38.840604000 AM,NA,NA,NA,NA,NA,NA,NA,25,30,NA,1,NA,NA,2,1.499261388776,2.36902575,NA,0.9616,0.038400000000000004,-6.93889390390723e-18,2
4511,1,12-JUL-24 02.32.36.372941000 AM,NA,NA,NA,NA,NA,NA,NA,NA,NA,NA,NA,NA,NA,NA,1.4994851946399999,2.37212213,NA,0.9612,0.0388,-5.551115123125783e-17,2
4511,2,12-JUL-24 02.32.36.442154000 AM,20000,21501,NA,NA,1,NA,3,NA,NA,NA,NA,NA,NA,NA,6.001414459232009,7.17913075,NA,NA,0.5086,0.4913999999999999,4
4551,3,12-JUL-24 02.31.39.231980000 AM,320326,330445,NA,NA,NA,1,4,95,98,NA,NA,NA,1,4,7.125657306411999,8.558212965,NA,NA,0.2682,0.7318,4
4552,1,12-JUL-24 02.33.04.990671000 AM,NA,NA,NA,NA,NA,NA,NA,16,19,NA,1,NA,NA,2,1.498680517976,2.38730445,NA,0.9658,0.0342,6.93889390390723e-18,2
4552,3,12-JUL-24 02.33.05.129814000 AM,1330000,1372014,NA,NA,NA,1,4,NA,NA,1,NA,NA,NA,1,7.12479031311199,8.524221104999999,NA,NA,0.26480000000000004,0.7352000000000001,4
4553,1,12-JUL-24 02.31.19.635797000 AM,1261125,1300963,NA,NA,NA,1,4,95,98,NA,NA,NA,1,4,2.375614622656,3.7832623849999996,NA,0.6318,0.3682,-5.551115123125783e-17,2
4571,2,12-JUL-24 02.31.04.927998000 AM,2018996,3204244,NA,0.0028,0.0068000000000000005,0.9904000000000001,4,438,699,NA,0.0422,0.041800000000000004,0.916,4,5.999115063040009,7.15094097,NA,NA,0.5068,0.4931999999999999,3
4651,1,12-JUL-24 02.32.52.195265000 AM,NA,NA,NA,NA,NA,NA,NA,NA,NA,NA,NA,NA,NA,NA,1.5026085763199999,2.40057665,NA,0.9604,0.0396,-3.4694469519536136e-17,2
4651,7,12-JUL-24 02.32.52.670129000 AM,NA,NA,NA,NA,NA,NA,NA,NA,NA,NA,NA,NA,NA,NA,NA,NA,NA,NA,NA,NA,NA
4651,8,12-JUL-24 02.32.52.736501000 AM,32969,48722,NA,0.005200000000000001,0.0694,0.9254,4,NA,NA,NA,NA,NA,NA,NA,4.49876904521601,5.38639067,NA,0.0436,0.8824000000000001,0.0740000000000001,3
4676,11,12-JUL-24 02.33.05.894178000 AM,5000,8001,NA,1,NA,NA,2,6,10,NA,1,NA,NA,2,0.1873441999819997,0.29504166249999997,NA,1,NA,NA,2
4676,12,12-JUL-24 02.33.05.967160000 AM,8756,14556,NA,1,NA,NA,2,5,9,NA,1,NA,NA,2,0.43963862554000005,0.7324953125000001,NA,1,NA,NA,2
4676,13,12-JUL-24 02.33.06.058252000 AM,130097,171212,NA,0.23,0.433,0.337,3,60,70,NA,0.3512,0.6488,NA,3,1.0013781805279998,1.57031553,NA,1,NA,NA,2
4676,14,12-JUL-24 02.33.06.135643000 AM,126672,180892,NA,0.301,0.36360000000000003,0.33540000000000014,3,143,209,NA,0.10260000000000001,0.2806,0.6168,4,2.374780102264,3.793590405,NA,0.6332,0.3668,NA,2
4677,1,12-JUL-24 02.32.52.876882000 AM,3,4,NA,NA,NA,1,4,0,0,NA,NA,NA,1,4,0.062787217292,0.1118219625,NA,1,NA,NA,2
4692,1,12-JUL-24 02.31.05.387540000 AM,NA,NA,NA,NA,NA,NA,NA,NA,NA,NA,NA,NA,NA,NA,NA,NA,NA,NA,NA,NA,NA
4692,5,12-JUL-24 02.31.05.722349000 AM,120019,143790,NA,NA,NA,1,4,72,115,NA,0.2564,0.253,0.49060000000000004,3,NA,NA,NA,NA,NA,NA,NA
4692,6,12-JUL-24 02.31.05.829419000 AM,120015,143478,NA,NA,NA,1,4,72,114,NA,0.2566,0.254,0.4894,3,NA,NA,NA,NA,NA,NA,NA
4692,7,12-JUL-24 02.31.05.930287000 AM,NA,NA,1,NA,NA,NA,1,NA,NA,1,NA,NA,NA,1,6.00012567272001,7.17154377,NA,NA,0.5044000000000001,0.4956,4
4692,9,12-JUL-24 02.31.06.277563000 AM,2000,2300,NA,1,NA,NA,2,1,1,NA,1,NA,NA,2,0.9989514813519977,1.56217809,NA,1,NA,NA,2
4692,10,12-JUL-24 02.31.06.402442000 AM,4200,6327,NA,1,NA,NA,2,7,10,NA,1,NA,NA,2,NA,NA,NA,NA,NA,NA,NA
4692,20,12-JUL-24 02.31.07.228692000 AM,3500,5001,NA,1,NA,NA,2,2,3,NA,1,NA,NA,2,0.43643733338999974,0.7154738125000001,NA,1,NA,NA,2
4692,21,12-JUL-24 02.31.07.300002000 AM,14000,16101,NA,1,NA,NA,2,NA,NA,NA,NA,NA,NA,NA,NA,NA,NA,NA,NA,NA,NA
4692,23,12-JUL-24 02.31.07.447437000 AM,-12000,-10800,1,NA,NA,NA,1,-2,-2,1,NA,NA,NA,1,1.5012494325599999,2.37803413,NA,0.9598000000000001,0.0402,1.3877787807814449e-17,2
4692,25,12-JUL-24 02.31.07.603021000 AM,-7200,-6480,1,NA,NA,NA,1,-4,-4,1,NA,NA,NA,1,1.500838188512,2.37571079,NA,0.9638000000000001,0.0362,6.93889390390723e-18,2
4692,27,12-JUL-24 02.31.07.766275000 AM,NA,NA,1,NA,NA,NA,1,NA,NA,1,NA,NA,NA,1,1.4992841837439999,2.37707723,NA,0.9584,0.041600000000000005,-2.7755575615628907e-17,2
4692,30,12-JUL-24 02.31.08.012935000 AM,NA,NA,1,NA,NA,NA,1,NA,NA,1,NA,NA,NA,1,1.5007769144399998,2.37524415,NA,0.9604,0.0396,-3.4694469519536136e-17,2
4732,11,12-JUL-24 02.31.40.079280000 AM,NA,NA,1,NA,NA,NA,1,108,119,NA,NA,NA,1,4,1.500901080936,2.37817163,NA,0.9624,0.0376,-3.4694469519536136e-17,2
4753,1,12-JUL-24 02.31.22.314509000 AM,9331,13051,NA,1,NA,NA,2,11,17,NA,0.6494,0.32320000000000004,0.0274,2,0.9998307469680001,1.57860661,NA,1,NA,NA,2
4754,1,12-JUL-24 02.32.37.504234000 AM,5081922,6809197,NA,1,NA,NA,2,133,176,NA,0.5206000000000001,0.47900000000000004,4.0000000000006697e-4,3,7.124498422168,8.519155275,NA,NA,0.263,0.737,4
4792,1,12-JUL-24 02.31.41.528103000 AM,NA,NA,NA,NA,NA,NA,NA,24,38,NA,0.038,0.038400000000000004,0.9236000000000001,4,0.9974884498240016,1.5600255299999999,NA,1,NA,NA,2
4792,2,12-JUL-24 02.31.41.599432000 AM,14980872,23458474,NA,NA,NA,1,4,6,9,NA,0.1552,0.15080000000000002,0.6940000000000001,4,3.001304632288,3.66356325,NA,0.5268,0.4732,-5.551115123125783e-17,3
4792,3,12-JUL-24 02.31.41.667610000 AM,29984,47651,NA,1,NA,NA,2,9,14,NA,1,NA,NA,2,1.500475785776,2.35724741,NA,0.9612,0.0388,-5.551115123125783e-17,2
4792,4,12-JUL-24 02.31.41.735826000 AM,NA,NA,NA,NA,NA,NA,NA,3,4,NA,1,NA,NA,2,NA,NA,NA,NA,NA,NA,NA
4792,5,12-JUL-24 02.31.41.807699000 AM,29984,47424,NA,1,NA,NA,2,110,173,NA,0.2534,0.24980000000000002,0.4967999999999999,3,4.49921898896,5.37944907,NA,0.0466,0.8784000000000001,0.0750000000000001,3
4812,2,12-JUL-24 02.31.22.456994000 AM,299929,475224,NA,0.0012000000000000001,0.0012000000000000001,0.9976,4,NA,NA,1,NA,NA,NA,1,1.498325060792,2.37902121,NA,0.9668,0.0332,6.93889390390723e-18,2
4812,3,12-JUL-24 02.31.22.517208000 AM,NA,NA,NA,NA,NA,NA,NA,3,4,NA,0.2676,0.26080000000000003,0.4715999999999999,3,NA,NA,NA,NA,NA,NA,NA
4992,6,12-JUL-24 02.32.02.325910000 AM,95000,98001,NA,1,NA,NA,2,257,265,NA,NA,1,NA,3,-2.37406514137202,-0.9427976250000003,1,NA,NA,NA,1
5072,2,12-JUL-24 02.30.37.212063000 AM,300000,330010,NA,1,NA,NA,2,108,119,NA,NA,NA,1,4,1.4995758535039998,2.36945897,NA,0.9618000000000001,0.038200000000000005,1.3877787807814449e-17,2
5072,4,12-JUL-24 02.30.37.386904000 AM,119998,129001,NA,NA,NA,1,4,292,314,NA,NA,NA,1,4,5.99780940803998,7.154943509999999,NA,NA,0.5102,0.4898,3
5072,5,12-JUL-24 02.30.37.475415000 AM,3800000,3920040,NA,NA,NA,1,4,57,59,NA,NA,NA,1,4,2.3749246670960003,3.797509385,NA,0.6314000000000001,0.36860000000000004,5.551115123125783e-17,2
5113,1,12-JUL-24 02.30.37.950672000 AM,59374,80791,NA,NA,0.0158,0.9842000000000001,4,521,831,NA,0.004200000000000001,0.0056,0.9902000000000001,4,2.37438328659999,3.787254825,NA,0.6326,0.3674,-5.551115123125783e-17,2
5132,2,12-JUL-24 02.30.38.052323000 AM,NA,NA,1,NA,NA,NA,1,NA,NA,1,NA,NA,NA,1,1.00052652328,1.56206317,NA,1,NA,NA,2
5132,3,12-JUL-24 02.30.38.120852000 AM,NA,NA,1,NA,NA,NA,1,NA,NA,1,NA,NA,NA,1,1.499298775976,2.37819561,NA,0.9646,0.0354,-1.3877787807814449e-17,2
5132,4,12-JUL-24 02.30.38.216092000 AM,NA,NA,1,NA,NA,NA,1,NA,NA,1,NA,NA,NA,1,1.00004052652,1.56930403,NA,1,NA,NA,2
5132,5,12-JUL-24 02.30.38.300136000 AM,NA,NA,1,NA,NA,NA,1,NA,NA,1,NA,NA,NA,1,0.0624978302520001,0.1078569675,NA,1,NA,NA,2
5152,2,12-JUL-24 02.30.59.701134000 AM,190000,196002,NA,NA,1,NA,3,85,88,NA,NA,1,NA,3,7.12400995799201,8.547419345000002,NA,NA,0.2616,0.7384000000000001,4
5192,4,12-JUL-24 02.30.59.885771000 AM,119999,153803,NA,1,NA,NA,2,11,15,NA,1,NA,NA,2,1.5016837080399998,2.38178213,NA,0.9596,0.040400000000000005,-6.93889390390723e-18,2
5193,1,12-JUL-24 02.31.18.176890000 AM,1404241,2253906,NA,1,NA,NA,2,9,14,NA,1,NA,NA,2,1.31375436023,1.8674126624999998,NA,1,NA,NA,2
5252,1,12-JUL-24 02.30.38.409692000 AM,3500,5001,NA,1,NA,NA,2,5,8,NA,1,NA,NA,2,0.4362771018399995,0.7226222625,NA,1,NA,NA,2
5252,2,12-JUL-24 02.30.38.517656000 AM,40000,46002,NA,1,NA,NA,2,NA,NA,1,NA,NA,NA,1,1.001644486264,1.57196421,NA,1,NA,NA,2
5252,3,12-JUL-24 02.30.38.605488000 AM,NA,NA,1,NA,NA,NA,1,NA,NA,1,NA,NA,NA,1,4.501577880192,5.38997155,NA,0.053000000000000005,0.8726,0.0743999999999999,3
5252,4,12-JUL-24 02.30.38.692402000 AM,NA,NA,1,NA,NA,NA,1,NA,NA,1,NA,NA,NA,1,0.0621914679000001,0.1095050125,NA,1,NA,NA,2
